ISO-10303-21;
HEADER;
/* Generated by software containing ST-Developer
 * from STEP Tools, Inc. (www.steptools.com) 
 */
/* OPTION: using custom renumber hook */

FILE_DESCRIPTION(
/* description */ ('STEP AP242 Edition 2',
'CAx-IF Rec.Pracs.---Representation and Presentation of Product Manufa
cturing Information (PMI)---4.0---2014-10-13',
'CAx-IF Rec.Pracs.---3D Tessellated Geometry---0.4---2014-09-14','2;1',
'CAx-IF Rec.Pracs.---User Defined Attributes---1.5---2016-08-15'),
/* implementation_level */ '2;1');

FILE_NAME(
/* name */ '69690a6f137944170db6a1d4',
/* time_stamp */ '2026-01-15T15:40:32Z',
/* author */ (''),
/* organization */ (''),
/* preprocessor_version */ 'ST-DEVELOPER v20',
/* originating_system */ 'ONSHAPE BY PTC INC, 1.209',
/* authorisation */ '  ');

FILE_SCHEMA (('AP242_MANAGED_MODEL_BASED_3D_ENGINEERING_MIM_LF { 1 0 10303 442 3 1 4 }'));
ENDSEC;

DATA;
#10=SHAPE_REPRESENTATION_RELATIONSHIP('','',#1522,#16);
#11=SHAPE_REPRESENTATION_RELATIONSHIP('','',#1523,#17);
#12=SHAPE_REPRESENTATION_RELATIONSHIP('','',#1524,#18);
#13=SHAPE_REPRESENTATION_RELATIONSHIP('','',#1525,#19);
#14=SHAPE_REPRESENTATION_RELATIONSHIP('','',#1526,#20);
#15=SHAPE_REPRESENTATION_RELATIONSHIP('','',#1527,#21);
#16=ADVANCED_BREP_SHAPE_REPRESENTATION('',(#1510),#2398);
#17=ADVANCED_BREP_SHAPE_REPRESENTATION('',(#1511),#2399);
#18=ADVANCED_BREP_SHAPE_REPRESENTATION('',(#1512),#2400);
#19=ADVANCED_BREP_SHAPE_REPRESENTATION('',(#1513),#2401);
#20=ADVANCED_BREP_SHAPE_REPRESENTATION('',(#1514),#2402);
#21=ADVANCED_BREP_SHAPE_REPRESENTATION('',(#1515),#2403);
#22=ORIENTED_EDGE('',*,*,#418,.T.);
#23=ORIENTED_EDGE('',*,*,#419,.F.);
#24=ORIENTED_EDGE('',*,*,#420,.T.);
#25=ORIENTED_EDGE('',*,*,#421,.T.);
#26=ORIENTED_EDGE('',*,*,#422,.F.);
#27=ORIENTED_EDGE('',*,*,#423,.F.);
#28=ORIENTED_EDGE('',*,*,#424,.F.);
#29=ORIENTED_EDGE('',*,*,#425,.T.);
#30=ORIENTED_EDGE('',*,*,#426,.F.);
#31=ORIENTED_EDGE('',*,*,#427,.F.);
#32=ORIENTED_EDGE('',*,*,#428,.T.);
#33=ORIENTED_EDGE('',*,*,#429,.F.);
#34=ORIENTED_EDGE('',*,*,#430,.F.);
#35=ORIENTED_EDGE('',*,*,#431,.T.);
#36=ORIENTED_EDGE('',*,*,#432,.F.);
#37=ORIENTED_EDGE('',*,*,#433,.F.);
#38=ORIENTED_EDGE('',*,*,#434,.T.);
#39=ORIENTED_EDGE('',*,*,#427,.T.);
#40=ORIENTED_EDGE('',*,*,#435,.F.);
#41=ORIENTED_EDGE('',*,*,#436,.F.);
#42=ORIENTED_EDGE('',*,*,#437,.T.);
#43=ORIENTED_EDGE('',*,*,#438,.T.);
#44=ORIENTED_EDGE('',*,*,#439,.T.);
#45=ORIENTED_EDGE('',*,*,#433,.T.);
#46=ORIENTED_EDGE('',*,*,#440,.T.);
#47=ORIENTED_EDGE('',*,*,#422,.T.);
#48=ORIENTED_EDGE('',*,*,#441,.T.);
#49=ORIENTED_EDGE('',*,*,#428,.F.);
#50=ORIENTED_EDGE('',*,*,#434,.F.);
#51=ORIENTED_EDGE('',*,*,#439,.F.);
#52=ORIENTED_EDGE('',*,*,#442,.T.);
#53=ORIENTED_EDGE('',*,*,#443,.T.);
#54=ORIENTED_EDGE('',*,*,#418,.F.);
#55=ORIENTED_EDGE('',*,*,#444,.F.);
#56=ORIENTED_EDGE('',*,*,#435,.T.);
#57=ORIENTED_EDGE('',*,*,#432,.T.);
#58=ORIENTED_EDGE('',*,*,#426,.T.);
#59=ORIENTED_EDGE('',*,*,#445,.F.);
#60=ORIENTED_EDGE('',*,*,#446,.T.);
#61=ORIENTED_EDGE('',*,*,#447,.T.);
#62=ORIENTED_EDGE('',*,*,#442,.F.);
#63=ORIENTED_EDGE('',*,*,#438,.F.);
#64=ORIENTED_EDGE('',*,*,#448,.T.);
#65=ORIENTED_EDGE('',*,*,#449,.T.);
#66=ORIENTED_EDGE('',*,*,#444,.T.);
#67=ORIENTED_EDGE('',*,*,#425,.F.);
#68=ORIENTED_EDGE('',*,*,#450,.F.);
#69=ORIENTED_EDGE('',*,*,#436,.T.);
#70=ORIENTED_EDGE('',*,*,#423,.T.);
#71=ORIENTED_EDGE('',*,*,#440,.F.);
#72=ORIENTED_EDGE('',*,*,#451,.F.);
#73=ORIENTED_EDGE('',*,*,#452,.T.);
#74=ORIENTED_EDGE('',*,*,#451,.T.);
#75=ORIENTED_EDGE('',*,*,#443,.F.);
#76=ORIENTED_EDGE('',*,*,#449,.F.);
#77=ORIENTED_EDGE('',*,*,#453,.T.);
#78=ORIENTED_EDGE('',*,*,#437,.F.);
#79=ORIENTED_EDGE('',*,*,#450,.T.);
#80=ORIENTED_EDGE('',*,*,#424,.T.);
#81=ORIENTED_EDGE('',*,*,#452,.F.);
#82=ORIENTED_EDGE('',*,*,#453,.F.);
#83=ORIENTED_EDGE('',*,*,#448,.F.);
#84=ORIENTED_EDGE('',*,*,#441,.F.);
#85=ORIENTED_EDGE('',*,*,#421,.F.);
#86=ORIENTED_EDGE('',*,*,#454,.T.);
#87=ORIENTED_EDGE('',*,*,#429,.T.);
#88=ORIENTED_EDGE('',*,*,#445,.T.);
#89=ORIENTED_EDGE('',*,*,#431,.F.);
#90=ORIENTED_EDGE('',*,*,#455,.F.);
#91=ORIENTED_EDGE('',*,*,#456,.T.);
#92=ORIENTED_EDGE('',*,*,#447,.F.);
#93=ORIENTED_EDGE('',*,*,#457,.F.);
#94=ORIENTED_EDGE('',*,*,#458,.T.);
#95=ORIENTED_EDGE('',*,*,#419,.T.);
#96=ORIENTED_EDGE('',*,*,#446,.F.);
#97=ORIENTED_EDGE('',*,*,#456,.F.);
#98=ORIENTED_EDGE('',*,*,#459,.T.);
#99=ORIENTED_EDGE('',*,*,#457,.T.);
#100=ORIENTED_EDGE('',*,*,#455,.T.);
#101=ORIENTED_EDGE('',*,*,#430,.T.);
#102=ORIENTED_EDGE('',*,*,#454,.F.);
#103=ORIENTED_EDGE('',*,*,#420,.F.);
#104=ORIENTED_EDGE('',*,*,#458,.F.);
#105=ORIENTED_EDGE('',*,*,#459,.F.);
#106=ORIENTED_EDGE('',*,*,#460,.F.);
#107=ORIENTED_EDGE('',*,*,#461,.F.);
#108=ORIENTED_EDGE('',*,*,#462,.T.);
#109=ORIENTED_EDGE('',*,*,#463,.T.);
#110=ORIENTED_EDGE('',*,*,#464,.T.);
#111=ORIENTED_EDGE('',*,*,#465,.F.);
#112=ORIENTED_EDGE('',*,*,#466,.F.);
#113=ORIENTED_EDGE('',*,*,#461,.T.);
#114=ORIENTED_EDGE('',*,*,#467,.T.);
#115=ORIENTED_EDGE('',*,*,#468,.F.);
#116=ORIENTED_EDGE('',*,*,#469,.F.);
#117=ORIENTED_EDGE('',*,*,#465,.T.);
#118=ORIENTED_EDGE('',*,*,#470,.F.);
#119=ORIENTED_EDGE('',*,*,#463,.F.);
#120=ORIENTED_EDGE('',*,*,#471,.T.);
#121=ORIENTED_EDGE('',*,*,#468,.T.);
#122=ORIENTED_EDGE('',*,*,#462,.F.);
#123=ORIENTED_EDGE('',*,*,#466,.T.);
#124=ORIENTED_EDGE('',*,*,#469,.T.);
#125=ORIENTED_EDGE('',*,*,#471,.F.);
#126=ORIENTED_EDGE('',*,*,#460,.T.);
#127=ORIENTED_EDGE('',*,*,#470,.T.);
#128=ORIENTED_EDGE('',*,*,#467,.F.);
#129=ORIENTED_EDGE('',*,*,#464,.F.);
#130=ORIENTED_EDGE('',*,*,#472,.F.);
#131=ORIENTED_EDGE('',*,*,#473,.F.);
#132=ORIENTED_EDGE('',*,*,#474,.T.);
#133=ORIENTED_EDGE('',*,*,#475,.T.);
#134=ORIENTED_EDGE('',*,*,#476,.T.);
#135=ORIENTED_EDGE('',*,*,#477,.F.);
#136=ORIENTED_EDGE('',*,*,#478,.T.);
#137=ORIENTED_EDGE('',*,*,#479,.T.);
#138=ORIENTED_EDGE('',*,*,#480,.T.);
#139=ORIENTED_EDGE('',*,*,#481,.F.);
#140=ORIENTED_EDGE('',*,*,#482,.F.);
#141=ORIENTED_EDGE('',*,*,#483,.F.);
#142=ORIENTED_EDGE('',*,*,#484,.F.);
#143=ORIENTED_EDGE('',*,*,#485,.T.);
#144=ORIENTED_EDGE('',*,*,#486,.T.);
#145=ORIENTED_EDGE('',*,*,#487,.F.);
#146=ORIENTED_EDGE('',*,*,#488,.F.);
#147=ORIENTED_EDGE('',*,*,#481,.T.);
#148=ORIENTED_EDGE('',*,*,#489,.T.);
#149=ORIENTED_EDGE('',*,*,#490,.F.);
#150=ORIENTED_EDGE('',*,*,#491,.F.);
#151=ORIENTED_EDGE('',*,*,#487,.T.);
#152=ORIENTED_EDGE('',*,*,#492,.F.);
#153=ORIENTED_EDGE('',*,*,#493,.F.);
#154=ORIENTED_EDGE('',*,*,#494,.T.);
#155=ORIENTED_EDGE('',*,*,#490,.T.);
#156=ORIENTED_EDGE('',*,*,#495,.T.);
#157=ORIENTED_EDGE('',*,*,#496,.F.);
#158=ORIENTED_EDGE('',*,*,#497,.F.);
#159=ORIENTED_EDGE('',*,*,#498,.T.);
#160=ORIENTED_EDGE('',*,*,#499,.F.);
#161=ORIENTED_EDGE('',*,*,#493,.T.);
#162=ORIENTED_EDGE('',*,*,#476,.F.);
#163=ORIENTED_EDGE('',*,*,#500,.T.);
#164=ORIENTED_EDGE('',*,*,#482,.T.);
#165=ORIENTED_EDGE('',*,*,#488,.T.);
#166=ORIENTED_EDGE('',*,*,#491,.T.);
#167=ORIENTED_EDGE('',*,*,#494,.F.);
#168=ORIENTED_EDGE('',*,*,#499,.T.);
#169=ORIENTED_EDGE('',*,*,#501,.F.);
#170=ORIENTED_EDGE('',*,*,#472,.T.);
#171=ORIENTED_EDGE('',*,*,#502,.T.);
#172=ORIENTED_EDGE('',*,*,#495,.F.);
#173=ORIENTED_EDGE('',*,*,#492,.T.);
#174=ORIENTED_EDGE('',*,*,#489,.F.);
#175=ORIENTED_EDGE('',*,*,#486,.F.);
#176=ORIENTED_EDGE('',*,*,#480,.F.);
#177=ORIENTED_EDGE('',*,*,#503,.F.);
#178=ORIENTED_EDGE('',*,*,#477,.T.);
#179=ORIENTED_EDGE('',*,*,#501,.T.);
#180=ORIENTED_EDGE('',*,*,#498,.F.);
#181=ORIENTED_EDGE('',*,*,#504,.F.);
#182=ORIENTED_EDGE('',*,*,#502,.F.);
#183=ORIENTED_EDGE('',*,*,#479,.F.);
#184=ORIENTED_EDGE('',*,*,#505,.T.);
#185=ORIENTED_EDGE('',*,*,#496,.T.);
#186=ORIENTED_EDGE('',*,*,#478,.F.);
#187=ORIENTED_EDGE('',*,*,#504,.T.);
#188=ORIENTED_EDGE('',*,*,#497,.T.);
#189=ORIENTED_EDGE('',*,*,#505,.F.);
#190=ORIENTED_EDGE('',*,*,#500,.F.);
#191=ORIENTED_EDGE('',*,*,#475,.F.);
#192=ORIENTED_EDGE('',*,*,#506,.T.);
#193=ORIENTED_EDGE('',*,*,#483,.T.);
#194=ORIENTED_EDGE('',*,*,#503,.T.);
#195=ORIENTED_EDGE('',*,*,#485,.F.);
#196=ORIENTED_EDGE('',*,*,#507,.F.);
#197=ORIENTED_EDGE('',*,*,#473,.T.);
#198=ORIENTED_EDGE('',*,*,#506,.F.);
#199=ORIENTED_EDGE('',*,*,#474,.F.);
#200=ORIENTED_EDGE('',*,*,#507,.T.);
#201=ORIENTED_EDGE('',*,*,#484,.T.);
#202=ORIENTED_EDGE('',*,*,#508,.F.);
#203=ORIENTED_EDGE('',*,*,#509,.F.);
#204=ORIENTED_EDGE('',*,*,#510,.T.);
#205=ORIENTED_EDGE('',*,*,#511,.T.);
#206=ORIENTED_EDGE('',*,*,#512,.T.);
#207=ORIENTED_EDGE('',*,*,#513,.F.);
#208=ORIENTED_EDGE('',*,*,#514,.T.);
#209=ORIENTED_EDGE('',*,*,#515,.T.);
#210=ORIENTED_EDGE('',*,*,#516,.T.);
#211=ORIENTED_EDGE('',*,*,#517,.F.);
#212=ORIENTED_EDGE('',*,*,#518,.F.);
#213=ORIENTED_EDGE('',*,*,#519,.F.);
#214=ORIENTED_EDGE('',*,*,#520,.F.);
#215=ORIENTED_EDGE('',*,*,#521,.T.);
#216=ORIENTED_EDGE('',*,*,#522,.T.);
#217=ORIENTED_EDGE('',*,*,#523,.F.);
#218=ORIENTED_EDGE('',*,*,#524,.F.);
#219=ORIENTED_EDGE('',*,*,#517,.T.);
#220=ORIENTED_EDGE('',*,*,#525,.T.);
#221=ORIENTED_EDGE('',*,*,#526,.F.);
#222=ORIENTED_EDGE('',*,*,#527,.F.);
#223=ORIENTED_EDGE('',*,*,#523,.T.);
#224=ORIENTED_EDGE('',*,*,#528,.T.);
#225=ORIENTED_EDGE('',*,*,#529,.F.);
#226=ORIENTED_EDGE('',*,*,#530,.F.);
#227=ORIENTED_EDGE('',*,*,#526,.T.);
#228=ORIENTED_EDGE('',*,*,#531,.T.);
#229=ORIENTED_EDGE('',*,*,#532,.F.);
#230=ORIENTED_EDGE('',*,*,#533,.F.);
#231=ORIENTED_EDGE('',*,*,#534,.T.);
#232=ORIENTED_EDGE('',*,*,#535,.F.);
#233=ORIENTED_EDGE('',*,*,#529,.T.);
#234=ORIENTED_EDGE('',*,*,#512,.F.);
#235=ORIENTED_EDGE('',*,*,#536,.T.);
#236=ORIENTED_EDGE('',*,*,#518,.T.);
#237=ORIENTED_EDGE('',*,*,#524,.T.);
#238=ORIENTED_EDGE('',*,*,#527,.T.);
#239=ORIENTED_EDGE('',*,*,#530,.T.);
#240=ORIENTED_EDGE('',*,*,#535,.T.);
#241=ORIENTED_EDGE('',*,*,#537,.F.);
#242=ORIENTED_EDGE('',*,*,#508,.T.);
#243=ORIENTED_EDGE('',*,*,#538,.T.);
#244=ORIENTED_EDGE('',*,*,#531,.F.);
#245=ORIENTED_EDGE('',*,*,#528,.F.);
#246=ORIENTED_EDGE('',*,*,#525,.F.);
#247=ORIENTED_EDGE('',*,*,#522,.F.);
#248=ORIENTED_EDGE('',*,*,#516,.F.);
#249=ORIENTED_EDGE('',*,*,#539,.F.);
#250=ORIENTED_EDGE('',*,*,#513,.T.);
#251=ORIENTED_EDGE('',*,*,#537,.T.);
#252=ORIENTED_EDGE('',*,*,#534,.F.);
#253=ORIENTED_EDGE('',*,*,#540,.F.);
#254=ORIENTED_EDGE('',*,*,#538,.F.);
#255=ORIENTED_EDGE('',*,*,#515,.F.);
#256=ORIENTED_EDGE('',*,*,#541,.T.);
#257=ORIENTED_EDGE('',*,*,#532,.T.);
#258=ORIENTED_EDGE('',*,*,#540,.T.);
#259=ORIENTED_EDGE('',*,*,#533,.T.);
#260=ORIENTED_EDGE('',*,*,#541,.F.);
#261=ORIENTED_EDGE('',*,*,#514,.F.);
#262=ORIENTED_EDGE('',*,*,#536,.F.);
#263=ORIENTED_EDGE('',*,*,#511,.F.);
#264=ORIENTED_EDGE('',*,*,#542,.T.);
#265=ORIENTED_EDGE('',*,*,#519,.T.);
#266=ORIENTED_EDGE('',*,*,#539,.T.);
#267=ORIENTED_EDGE('',*,*,#521,.F.);
#268=ORIENTED_EDGE('',*,*,#543,.F.);
#269=ORIENTED_EDGE('',*,*,#509,.T.);
#270=ORIENTED_EDGE('',*,*,#543,.T.);
#271=ORIENTED_EDGE('',*,*,#520,.T.);
#272=ORIENTED_EDGE('',*,*,#542,.F.);
#273=ORIENTED_EDGE('',*,*,#510,.F.);
#274=ORIENTED_EDGE('',*,*,#544,.F.);
#275=ORIENTED_EDGE('',*,*,#545,.F.);
#276=ORIENTED_EDGE('',*,*,#546,.T.);
#277=ORIENTED_EDGE('',*,*,#547,.T.);
#278=ORIENTED_EDGE('',*,*,#548,.T.);
#279=ORIENTED_EDGE('',*,*,#549,.F.);
#280=ORIENTED_EDGE('',*,*,#550,.F.);
#281=ORIENTED_EDGE('',*,*,#545,.T.);
#282=ORIENTED_EDGE('',*,*,#551,.T.);
#283=ORIENTED_EDGE('',*,*,#552,.F.);
#284=ORIENTED_EDGE('',*,*,#553,.F.);
#285=ORIENTED_EDGE('',*,*,#549,.T.);
#286=ORIENTED_EDGE('',*,*,#554,.T.);
#287=ORIENTED_EDGE('',*,*,#555,.F.);
#288=ORIENTED_EDGE('',*,*,#556,.F.);
#289=ORIENTED_EDGE('',*,*,#552,.T.);
#290=ORIENTED_EDGE('',*,*,#557,.F.);
#291=ORIENTED_EDGE('',*,*,#558,.F.);
#292=ORIENTED_EDGE('',*,*,#559,.T.);
#293=ORIENTED_EDGE('',*,*,#555,.T.);
#294=ORIENTED_EDGE('',*,*,#560,.T.);
#295=ORIENTED_EDGE('',*,*,#561,.F.);
#296=ORIENTED_EDGE('',*,*,#562,.F.);
#297=ORIENTED_EDGE('',*,*,#558,.T.);
#298=ORIENTED_EDGE('',*,*,#563,.T.);
#299=ORIENTED_EDGE('',*,*,#564,.F.);
#300=ORIENTED_EDGE('',*,*,#565,.F.);
#301=ORIENTED_EDGE('',*,*,#561,.T.);
#302=ORIENTED_EDGE('',*,*,#566,.F.);
#303=ORIENTED_EDGE('',*,*,#567,.F.);
#304=ORIENTED_EDGE('',*,*,#568,.T.);
#305=ORIENTED_EDGE('',*,*,#564,.T.);
#306=ORIENTED_EDGE('',*,*,#569,.F.);
#307=ORIENTED_EDGE('',*,*,#570,.F.);
#308=ORIENTED_EDGE('',*,*,#571,.T.);
#309=ORIENTED_EDGE('',*,*,#567,.T.);
#310=ORIENTED_EDGE('',*,*,#572,.F.);
#311=ORIENTED_EDGE('',*,*,#573,.F.);
#312=ORIENTED_EDGE('',*,*,#574,.T.);
#313=ORIENTED_EDGE('',*,*,#570,.T.);
#314=ORIENTED_EDGE('',*,*,#575,.T.);
#315=ORIENTED_EDGE('',*,*,#576,.F.);
#316=ORIENTED_EDGE('',*,*,#577,.F.);
#317=ORIENTED_EDGE('',*,*,#573,.T.);
#318=ORIENTED_EDGE('',*,*,#578,.T.);
#319=ORIENTED_EDGE('',*,*,#547,.F.);
#320=ORIENTED_EDGE('',*,*,#579,.F.);
#321=ORIENTED_EDGE('',*,*,#576,.T.);
#322=ORIENTED_EDGE('',*,*,#546,.F.);
#323=ORIENTED_EDGE('',*,*,#550,.T.);
#324=ORIENTED_EDGE('',*,*,#553,.T.);
#325=ORIENTED_EDGE('',*,*,#556,.T.);
#326=ORIENTED_EDGE('',*,*,#559,.F.);
#327=ORIENTED_EDGE('',*,*,#562,.T.);
#328=ORIENTED_EDGE('',*,*,#565,.T.);
#329=ORIENTED_EDGE('',*,*,#568,.F.);
#330=ORIENTED_EDGE('',*,*,#571,.F.);
#331=ORIENTED_EDGE('',*,*,#574,.F.);
#332=ORIENTED_EDGE('',*,*,#577,.T.);
#333=ORIENTED_EDGE('',*,*,#579,.T.);
#334=ORIENTED_EDGE('',*,*,#544,.T.);
#335=ORIENTED_EDGE('',*,*,#578,.F.);
#336=ORIENTED_EDGE('',*,*,#575,.F.);
#337=ORIENTED_EDGE('',*,*,#572,.T.);
#338=ORIENTED_EDGE('',*,*,#569,.T.);
#339=ORIENTED_EDGE('',*,*,#566,.T.);
#340=ORIENTED_EDGE('',*,*,#563,.F.);
#341=ORIENTED_EDGE('',*,*,#560,.F.);
#342=ORIENTED_EDGE('',*,*,#557,.T.);
#343=ORIENTED_EDGE('',*,*,#554,.F.);
#344=ORIENTED_EDGE('',*,*,#551,.F.);
#345=ORIENTED_EDGE('',*,*,#548,.F.);
#346=ORIENTED_EDGE('',*,*,#580,.T.);
#347=ORIENTED_EDGE('',*,*,#581,.F.);
#348=ORIENTED_EDGE('',*,*,#582,.F.);
#349=ORIENTED_EDGE('',*,*,#583,.T.);
#350=ORIENTED_EDGE('',*,*,#584,.F.);
#351=ORIENTED_EDGE('',*,*,#585,.T.);
#352=ORIENTED_EDGE('',*,*,#586,.F.);
#353=ORIENTED_EDGE('',*,*,#587,.F.);
#354=ORIENTED_EDGE('',*,*,#588,.T.);
#355=ORIENTED_EDGE('',*,*,#589,.T.);
#356=ORIENTED_EDGE('',*,*,#590,.T.);
#357=ORIENTED_EDGE('',*,*,#591,.F.);
#358=ORIENTED_EDGE('',*,*,#592,.T.);
#359=ORIENTED_EDGE('',*,*,#593,.T.);
#360=ORIENTED_EDGE('',*,*,#594,.T.);
#361=ORIENTED_EDGE('',*,*,#595,.F.);
#362=ORIENTED_EDGE('',*,*,#596,.F.);
#363=ORIENTED_EDGE('',*,*,#597,.F.);
#364=ORIENTED_EDGE('',*,*,#598,.F.);
#365=ORIENTED_EDGE('',*,*,#599,.T.);
#366=ORIENTED_EDGE('',*,*,#600,.F.);
#367=ORIENTED_EDGE('',*,*,#585,.F.);
#368=ORIENTED_EDGE('',*,*,#601,.T.);
#369=ORIENTED_EDGE('',*,*,#595,.T.);
#370=ORIENTED_EDGE('',*,*,#584,.T.);
#371=ORIENTED_EDGE('',*,*,#602,.T.);
#372=ORIENTED_EDGE('',*,*,#590,.F.);
#373=ORIENTED_EDGE('',*,*,#603,.F.);
#374=ORIENTED_EDGE('',*,*,#596,.T.);
#375=ORIENTED_EDGE('',*,*,#601,.F.);
#376=ORIENTED_EDGE('',*,*,#580,.F.);
#377=ORIENTED_EDGE('',*,*,#600,.T.);
#378=ORIENTED_EDGE('',*,*,#594,.F.);
#379=ORIENTED_EDGE('',*,*,#604,.T.);
#380=ORIENTED_EDGE('',*,*,#586,.T.);
#381=ORIENTED_EDGE('',*,*,#605,.F.);
#382=ORIENTED_EDGE('',*,*,#606,.F.);
#383=ORIENTED_EDGE('',*,*,#607,.F.);
#384=ORIENTED_EDGE('',*,*,#597,.T.);
#385=ORIENTED_EDGE('',*,*,#603,.T.);
#386=ORIENTED_EDGE('',*,*,#589,.F.);
#387=ORIENTED_EDGE('',*,*,#608,.F.);
#388=ORIENTED_EDGE('',*,*,#604,.F.);
#389=ORIENTED_EDGE('',*,*,#599,.F.);
#390=ORIENTED_EDGE('',*,*,#609,.T.);
#391=ORIENTED_EDGE('',*,*,#587,.T.);
#392=ORIENTED_EDGE('',*,*,#598,.T.);
#393=ORIENTED_EDGE('',*,*,#608,.T.);
#394=ORIENTED_EDGE('',*,*,#588,.F.);
#395=ORIENTED_EDGE('',*,*,#609,.F.);
#396=ORIENTED_EDGE('',*,*,#602,.F.);
#397=ORIENTED_EDGE('',*,*,#583,.F.);
#398=ORIENTED_EDGE('',*,*,#610,.T.);
#399=ORIENTED_EDGE('',*,*,#591,.T.);
#400=ORIENTED_EDGE('',*,*,#607,.T.);
#401=ORIENTED_EDGE('',*,*,#611,.F.);
#402=ORIENTED_EDGE('',*,*,#612,.F.);
#403=ORIENTED_EDGE('',*,*,#581,.T.);
#404=ORIENTED_EDGE('',*,*,#606,.T.);
#405=ORIENTED_EDGE('',*,*,#613,.F.);
#406=ORIENTED_EDGE('',*,*,#614,.F.);
#407=ORIENTED_EDGE('',*,*,#611,.T.);
#408=ORIENTED_EDGE('',*,*,#605,.T.);
#409=ORIENTED_EDGE('',*,*,#593,.F.);
#410=ORIENTED_EDGE('',*,*,#615,.F.);
#411=ORIENTED_EDGE('',*,*,#613,.T.);
#412=ORIENTED_EDGE('',*,*,#610,.F.);
#413=ORIENTED_EDGE('',*,*,#582,.T.);
#414=ORIENTED_EDGE('',*,*,#612,.T.);
#415=ORIENTED_EDGE('',*,*,#614,.T.);
#416=ORIENTED_EDGE('',*,*,#615,.T.);
#417=ORIENTED_EDGE('',*,*,#592,.F.);
#418=EDGE_CURVE('',#616,#617,#748,.T.);
#419=EDGE_CURVE('',#618,#617,#749,.T.);
#420=EDGE_CURVE('',#618,#619,#750,.T.);
#421=EDGE_CURVE('',#619,#620,#751,.T.);
#422=EDGE_CURVE('',#621,#620,#752,.T.);
#423=EDGE_CURVE('',#622,#621,#753,.T.);
#424=EDGE_CURVE('',#623,#622,#754,.T.);
#425=EDGE_CURVE('',#623,#616,#755,.T.);
#426=EDGE_CURVE('',#624,#625,#756,.T.);
#427=EDGE_CURVE('',#626,#624,#757,.T.);
#428=EDGE_CURVE('',#626,#627,#758,.T.);
#429=EDGE_CURVE('',#628,#627,#759,.T.);
#430=EDGE_CURVE('',#629,#628,#760,.T.);
#431=EDGE_CURVE('',#629,#625,#761,.T.);
#432=EDGE_CURVE('',#630,#624,#762,.T.);
#433=EDGE_CURVE('',#631,#630,#763,.T.);
#434=EDGE_CURVE('',#631,#626,#764,.T.);
#435=EDGE_CURVE('',#632,#630,#765,.T.);
#436=EDGE_CURVE('',#633,#632,#766,.T.);
#437=EDGE_CURVE('',#633,#634,#767,.T.);
#438=EDGE_CURVE('',#634,#635,#768,.T.);
#439=EDGE_CURVE('',#635,#631,#769,.T.);
#440=EDGE_CURVE('',#636,#621,#770,.T.);
#441=EDGE_CURVE('',#620,#627,#771,.T.);
#442=EDGE_CURVE('',#635,#637,#772,.T.);
#443=EDGE_CURVE('',#637,#636,#773,.T.);
#444=EDGE_CURVE('',#632,#616,#774,.T.);
#445=EDGE_CURVE('',#638,#625,#775,.T.);
#446=EDGE_CURVE('',#638,#639,#776,.T.);
#447=EDGE_CURVE('',#639,#617,#777,.T.);
#448=EDGE_CURVE('',#634,#640,#778,.T.);
#449=EDGE_CURVE('',#640,#637,#779,.T.);
#450=EDGE_CURVE('',#633,#623,#780,.T.);
#451=EDGE_CURVE('',#641,#636,#781,.T.);
#452=EDGE_CURVE('',#641,#622,#782,.T.);
#453=EDGE_CURVE('',#640,#641,#783,.T.);
#454=EDGE_CURVE('',#619,#628,#784,.T.);
#455=EDGE_CURVE('',#642,#629,#785,.T.);
#456=EDGE_CURVE('',#642,#638,#786,.T.);
#457=EDGE_CURVE('',#643,#639,#787,.T.);
#458=EDGE_CURVE('',#643,#618,#788,.T.);
#459=EDGE_CURVE('',#642,#643,#789,.T.);
#460=EDGE_CURVE('',#644,#645,#790,.T.);
#461=EDGE_CURVE('',#646,#644,#791,.T.);
#462=EDGE_CURVE('',#646,#647,#792,.T.);
#463=EDGE_CURVE('',#647,#645,#793,.T.);
#464=EDGE_CURVE('',#644,#648,#794,.T.);
#465=EDGE_CURVE('',#649,#648,#795,.T.);
#466=EDGE_CURVE('',#646,#649,#796,.T.);
#467=EDGE_CURVE('',#648,#650,#797,.T.);
#468=EDGE_CURVE('',#651,#650,#798,.T.);
#469=EDGE_CURVE('',#649,#651,#799,.T.);
#470=EDGE_CURVE('',#645,#650,#800,.T.);
#471=EDGE_CURVE('',#647,#651,#801,.T.);
#472=EDGE_CURVE('',#652,#653,#802,.T.);
#473=EDGE_CURVE('',#654,#652,#803,.T.);
#474=EDGE_CURVE('',#654,#655,#804,.T.);
#475=EDGE_CURVE('',#655,#656,#805,.T.);
#476=EDGE_CURVE('',#656,#657,#806,.T.);
#477=EDGE_CURVE('',#658,#657,#807,.T.);
#478=EDGE_CURVE('',#658,#659,#808,.T.);
#479=EDGE_CURVE('',#659,#653,#809,.T.);
#480=EDGE_CURVE('',#660,#661,#810,.T.);
#481=EDGE_CURVE('',#662,#661,#811,.T.);
#482=EDGE_CURVE('',#663,#662,#812,.T.);
#483=EDGE_CURVE('',#664,#663,#813,.T.);
#484=EDGE_CURVE('',#665,#664,#814,.T.);
#485=EDGE_CURVE('',#665,#660,#815,.T.);
#486=EDGE_CURVE('',#661,#666,#816,.T.);
#487=EDGE_CURVE('',#667,#666,#817,.T.);
#488=EDGE_CURVE('',#662,#667,#818,.T.);
#489=EDGE_CURVE('',#666,#668,#819,.T.);
#490=EDGE_CURVE('',#669,#668,#820,.T.);
#491=EDGE_CURVE('',#667,#669,#821,.T.);
#492=EDGE_CURVE('',#670,#668,#822,.T.);
#493=EDGE_CURVE('',#671,#670,#823,.T.);
#494=EDGE_CURVE('',#671,#669,#824,.T.);
#495=EDGE_CURVE('',#670,#672,#825,.T.);
#496=EDGE_CURVE('',#673,#672,#826,.T.);
#497=EDGE_CURVE('',#674,#673,#827,.T.);
#498=EDGE_CURVE('',#674,#675,#828,.T.);
#499=EDGE_CURVE('',#671,#675,#829,.T.);
#500=EDGE_CURVE('',#656,#663,#830,.T.);
#501=EDGE_CURVE('',#657,#675,#831,.T.);
#502=EDGE_CURVE('',#653,#672,#832,.T.);
#503=EDGE_CURVE('',#652,#660,#833,.T.);
#504=EDGE_CURVE('',#658,#674,#834,.T.);
#505=EDGE_CURVE('',#659,#673,#835,.T.);
#506=EDGE_CURVE('',#655,#664,#836,.T.);
#507=EDGE_CURVE('',#654,#665,#837,.T.);
#508=EDGE_CURVE('',#676,#677,#838,.T.);
#509=EDGE_CURVE('',#678,#676,#839,.T.);
#510=EDGE_CURVE('',#678,#679,#840,.T.);
#511=EDGE_CURVE('',#679,#680,#841,.T.);
#512=EDGE_CURVE('',#680,#681,#842,.T.);
#513=EDGE_CURVE('',#682,#681,#843,.T.);
#514=EDGE_CURVE('',#682,#683,#844,.T.);
#515=EDGE_CURVE('',#683,#677,#845,.T.);
#516=EDGE_CURVE('',#684,#685,#846,.T.);
#517=EDGE_CURVE('',#686,#685,#847,.T.);
#518=EDGE_CURVE('',#687,#686,#848,.T.);
#519=EDGE_CURVE('',#688,#687,#849,.T.);
#520=EDGE_CURVE('',#689,#688,#850,.T.);
#521=EDGE_CURVE('',#689,#684,#851,.T.);
#522=EDGE_CURVE('',#685,#690,#852,.T.);
#523=EDGE_CURVE('',#691,#690,#853,.T.);
#524=EDGE_CURVE('',#686,#691,#854,.T.);
#525=EDGE_CURVE('',#690,#692,#855,.T.);
#526=EDGE_CURVE('',#693,#692,#856,.T.);
#527=EDGE_CURVE('',#691,#693,#857,.T.);
#528=EDGE_CURVE('',#692,#694,#858,.T.);
#529=EDGE_CURVE('',#695,#694,#859,.T.);
#530=EDGE_CURVE('',#693,#695,#860,.T.);
#531=EDGE_CURVE('',#694,#696,#861,.T.);
#532=EDGE_CURVE('',#697,#696,#862,.T.);
#533=EDGE_CURVE('',#698,#697,#863,.T.);
#534=EDGE_CURVE('',#698,#699,#864,.T.);
#535=EDGE_CURVE('',#695,#699,#865,.T.);
#536=EDGE_CURVE('',#680,#687,#866,.T.);
#537=EDGE_CURVE('',#681,#699,#867,.T.);
#538=EDGE_CURVE('',#677,#696,#868,.T.);
#539=EDGE_CURVE('',#676,#684,#869,.T.);
#540=EDGE_CURVE('',#682,#698,#870,.T.);
#541=EDGE_CURVE('',#683,#697,#871,.T.);
#542=EDGE_CURVE('',#679,#688,#872,.T.);
#543=EDGE_CURVE('',#678,#689,#873,.T.);
#544=EDGE_CURVE('',#700,#701,#874,.T.);
#545=EDGE_CURVE('',#702,#700,#875,.T.);
#546=EDGE_CURVE('',#702,#703,#876,.T.);
#547=EDGE_CURVE('',#703,#701,#877,.T.);
#548=EDGE_CURVE('',#700,#704,#878,.T.);
#549=EDGE_CURVE('',#705,#704,#879,.T.);
#550=EDGE_CURVE('',#702,#705,#880,.T.);
#551=EDGE_CURVE('',#704,#706,#881,.T.);
#552=EDGE_CURVE('',#707,#706,#882,.T.);
#553=EDGE_CURVE('',#705,#707,#883,.T.);
#554=EDGE_CURVE('',#706,#708,#884,.T.);
#555=EDGE_CURVE('',#709,#708,#885,.T.);
#556=EDGE_CURVE('',#707,#709,#886,.T.);
#557=EDGE_CURVE('',#710,#708,#887,.T.);
#558=EDGE_CURVE('',#711,#710,#888,.T.);
#559=EDGE_CURVE('',#711,#709,#889,.T.);
#560=EDGE_CURVE('',#710,#712,#890,.T.);
#561=EDGE_CURVE('',#713,#712,#891,.T.);
#562=EDGE_CURVE('',#711,#713,#892,.T.);
#563=EDGE_CURVE('',#712,#714,#893,.T.);
#564=EDGE_CURVE('',#715,#714,#894,.T.);
#565=EDGE_CURVE('',#713,#715,#895,.T.);
#566=EDGE_CURVE('',#716,#714,#896,.T.);
#567=EDGE_CURVE('',#717,#716,#897,.T.);
#568=EDGE_CURVE('',#717,#715,#898,.T.);
#569=EDGE_CURVE('',#718,#716,#899,.T.);
#570=EDGE_CURVE('',#719,#718,#900,.T.);
#571=EDGE_CURVE('',#719,#717,#901,.T.);
#572=EDGE_CURVE('',#720,#718,#902,.T.);
#573=EDGE_CURVE('',#721,#720,#903,.T.);
#574=EDGE_CURVE('',#721,#719,#904,.T.);
#575=EDGE_CURVE('',#720,#722,#905,.T.);
#576=EDGE_CURVE('',#723,#722,#906,.T.);
#577=EDGE_CURVE('',#721,#723,#907,.T.);
#578=EDGE_CURVE('',#722,#701,#908,.T.);
#579=EDGE_CURVE('',#723,#703,#909,.T.);
#580=EDGE_CURVE('',#724,#725,#910,.T.);
#581=EDGE_CURVE('',#726,#725,#911,.T.);
#582=EDGE_CURVE('',#727,#726,#912,.T.);
#583=EDGE_CURVE('',#727,#728,#913,.T.);
#584=EDGE_CURVE('',#729,#728,#914,.T.);
#585=EDGE_CURVE('',#729,#724,#915,.T.);
#586=EDGE_CURVE('',#730,#731,#916,.T.);
#587=EDGE_CURVE('',#732,#730,#917,.T.);
#588=EDGE_CURVE('',#732,#733,#918,.T.);
#589=EDGE_CURVE('',#733,#734,#919,.T.);
#590=EDGE_CURVE('',#734,#735,#920,.T.);
#591=EDGE_CURVE('',#736,#735,#921,.T.);
#592=EDGE_CURVE('',#736,#737,#922,.T.);
#593=EDGE_CURVE('',#737,#731,#923,.T.);
#594=EDGE_CURVE('',#738,#739,#924,.T.);
#595=EDGE_CURVE('',#740,#739,#925,.T.);
#596=EDGE_CURVE('',#741,#740,#926,.T.);
#597=EDGE_CURVE('',#742,#741,#927,.T.);
#598=EDGE_CURVE('',#743,#742,#928,.T.);
#599=EDGE_CURVE('',#743,#738,#929,.T.);
#600=EDGE_CURVE('',#724,#739,#930,.T.);
#601=EDGE_CURVE('',#729,#740,#931,.T.);
#602=EDGE_CURVE('',#728,#735,#932,.T.);
#603=EDGE_CURVE('',#741,#734,#933,.T.);
#604=EDGE_CURVE('',#738,#730,#934,.T.);
#605=EDGE_CURVE('',#744,#731,#935,.T.);
#606=EDGE_CURVE('',#745,#744,#936,.T.);
#607=EDGE_CURVE('',#725,#745,#937,.T.);
#608=EDGE_CURVE('',#742,#733,#938,.T.);
#609=EDGE_CURVE('',#743,#732,#939,.T.);
#610=EDGE_CURVE('',#727,#736,#940,.T.);
#611=EDGE_CURVE('',#746,#745,#941,.T.);
#612=EDGE_CURVE('',#726,#746,#942,.T.);
#613=EDGE_CURVE('',#747,#744,#943,.T.);
#614=EDGE_CURVE('',#746,#747,#944,.T.);
#615=EDGE_CURVE('',#747,#737,#945,.T.);
#616=VERTEX_POINT('',#1981);
#617=VERTEX_POINT('',#1982);
#618=VERTEX_POINT('',#1984);
#619=VERTEX_POINT('',#1986);
#620=VERTEX_POINT('',#1988);
#621=VERTEX_POINT('',#1990);
#622=VERTEX_POINT('',#1992);
#623=VERTEX_POINT('',#1994);
#624=VERTEX_POINT('',#1998);
#625=VERTEX_POINT('',#1999);
#626=VERTEX_POINT('',#2001);
#627=VERTEX_POINT('',#2003);
#628=VERTEX_POINT('',#2005);
#629=VERTEX_POINT('',#2007);
#630=VERTEX_POINT('',#2011);
#631=VERTEX_POINT('',#2013);
#632=VERTEX_POINT('',#2017);
#633=VERTEX_POINT('',#2019);
#634=VERTEX_POINT('',#2021);
#635=VERTEX_POINT('',#2023);
#636=VERTEX_POINT('',#2027);
#637=VERTEX_POINT('',#2030);
#638=VERTEX_POINT('',#2035);
#639=VERTEX_POINT('',#2037);
#640=VERTEX_POINT('',#2041);
#641=VERTEX_POINT('',#2047);
#642=VERTEX_POINT('',#2056);
#643=VERTEX_POINT('',#2060);
#644=VERTEX_POINT('',#2068);
#645=VERTEX_POINT('',#2069);
#646=VERTEX_POINT('',#2071);
#647=VERTEX_POINT('',#2073);
#648=VERTEX_POINT('',#2077);
#649=VERTEX_POINT('',#2079);
#650=VERTEX_POINT('',#2083);
#651=VERTEX_POINT('',#2085);
#652=VERTEX_POINT('',#2095);
#653=VERTEX_POINT('',#2096);
#654=VERTEX_POINT('',#2098);
#655=VERTEX_POINT('',#2100);
#656=VERTEX_POINT('',#2102);
#657=VERTEX_POINT('',#2104);
#658=VERTEX_POINT('',#2106);
#659=VERTEX_POINT('',#2108);
#660=VERTEX_POINT('',#2112);
#661=VERTEX_POINT('',#2113);
#662=VERTEX_POINT('',#2115);
#663=VERTEX_POINT('',#2117);
#664=VERTEX_POINT('',#2119);
#665=VERTEX_POINT('',#2121);
#666=VERTEX_POINT('',#2125);
#667=VERTEX_POINT('',#2127);
#668=VERTEX_POINT('',#2131);
#669=VERTEX_POINT('',#2133);
#670=VERTEX_POINT('',#2137);
#671=VERTEX_POINT('',#2139);
#672=VERTEX_POINT('',#2143);
#673=VERTEX_POINT('',#2145);
#674=VERTEX_POINT('',#2147);
#675=VERTEX_POINT('',#2149);
#676=VERTEX_POINT('',#2170);
#677=VERTEX_POINT('',#2171);
#678=VERTEX_POINT('',#2173);
#679=VERTEX_POINT('',#2175);
#680=VERTEX_POINT('',#2177);
#681=VERTEX_POINT('',#2179);
#682=VERTEX_POINT('',#2181);
#683=VERTEX_POINT('',#2183);
#684=VERTEX_POINT('',#2187);
#685=VERTEX_POINT('',#2188);
#686=VERTEX_POINT('',#2190);
#687=VERTEX_POINT('',#2192);
#688=VERTEX_POINT('',#2194);
#689=VERTEX_POINT('',#2196);
#690=VERTEX_POINT('',#2200);
#691=VERTEX_POINT('',#2202);
#692=VERTEX_POINT('',#2206);
#693=VERTEX_POINT('',#2208);
#694=VERTEX_POINT('',#2212);
#695=VERTEX_POINT('',#2214);
#696=VERTEX_POINT('',#2218);
#697=VERTEX_POINT('',#2220);
#698=VERTEX_POINT('',#2222);
#699=VERTEX_POINT('',#2224);
#700=VERTEX_POINT('',#2245);
#701=VERTEX_POINT('',#2246);
#702=VERTEX_POINT('',#2248);
#703=VERTEX_POINT('',#2250);
#704=VERTEX_POINT('',#2254);
#705=VERTEX_POINT('',#2256);
#706=VERTEX_POINT('',#2260);
#707=VERTEX_POINT('',#2262);
#708=VERTEX_POINT('',#2266);
#709=VERTEX_POINT('',#2268);
#710=VERTEX_POINT('',#2272);
#711=VERTEX_POINT('',#2274);
#712=VERTEX_POINT('',#2278);
#713=VERTEX_POINT('',#2280);
#714=VERTEX_POINT('',#2284);
#715=VERTEX_POINT('',#2286);
#716=VERTEX_POINT('',#2290);
#717=VERTEX_POINT('',#2292);
#718=VERTEX_POINT('',#2296);
#719=VERTEX_POINT('',#2298);
#720=VERTEX_POINT('',#2302);
#721=VERTEX_POINT('',#2304);
#722=VERTEX_POINT('',#2308);
#723=VERTEX_POINT('',#2310);
#724=VERTEX_POINT('',#2320);
#725=VERTEX_POINT('',#2321);
#726=VERTEX_POINT('',#2323);
#727=VERTEX_POINT('',#2325);
#728=VERTEX_POINT('',#2327);
#729=VERTEX_POINT('',#2329);
#730=VERTEX_POINT('',#2333);
#731=VERTEX_POINT('',#2334);
#732=VERTEX_POINT('',#2336);
#733=VERTEX_POINT('',#2338);
#734=VERTEX_POINT('',#2340);
#735=VERTEX_POINT('',#2342);
#736=VERTEX_POINT('',#2344);
#737=VERTEX_POINT('',#2346);
#738=VERTEX_POINT('',#2350);
#739=VERTEX_POINT('',#2351);
#740=VERTEX_POINT('',#2353);
#741=VERTEX_POINT('',#2355);
#742=VERTEX_POINT('',#2357);
#743=VERTEX_POINT('',#2359);
#744=VERTEX_POINT('',#2370);
#745=VERTEX_POINT('',#2372);
#746=VERTEX_POINT('',#2383);
#747=VERTEX_POINT('',#2387);
#748=LINE('',#1980,#946);
#749=LINE('',#1983,#947);
#750=LINE('',#1985,#948);
#751=LINE('',#1987,#949);
#752=LINE('',#1989,#950);
#753=LINE('',#1991,#951);
#754=LINE('',#1993,#952);
#755=LINE('',#1995,#953);
#756=LINE('',#1997,#954);
#757=LINE('',#2000,#955);
#758=LINE('',#2002,#956);
#759=LINE('',#2004,#957);
#760=LINE('',#2006,#958);
#761=LINE('',#2008,#959);
#762=LINE('',#2010,#960);
#763=LINE('',#2012,#961);
#764=LINE('',#2014,#962);
#765=LINE('',#2016,#963);
#766=LINE('',#2018,#964);
#767=LINE('',#2020,#965);
#768=LINE('',#2022,#966);
#769=LINE('',#2024,#967);
#770=LINE('',#2026,#968);
#771=LINE('',#2028,#969);
#772=LINE('',#2029,#970);
#773=LINE('',#2031,#971);
#774=LINE('',#2033,#972);
#775=LINE('',#2034,#973);
#776=LINE('',#2036,#974);
#777=LINE('',#2038,#975);
#778=LINE('',#2040,#976);
#779=LINE('',#2042,#977);
#780=LINE('',#2044,#978);
#781=LINE('',#2046,#979);
#782=LINE('',#2048,#980);
#783=LINE('',#2050,#981);
#784=LINE('',#2053,#982);
#785=LINE('',#2055,#983);
#786=LINE('',#2057,#984);
#787=LINE('',#2059,#985);
#788=LINE('',#2061,#986);
#789=LINE('',#2063,#987);
#790=LINE('',#2067,#988);
#791=LINE('',#2070,#989);
#792=LINE('',#2072,#990);
#793=LINE('',#2074,#991);
#794=LINE('',#2076,#992);
#795=LINE('',#2078,#993);
#796=LINE('',#2080,#994);
#797=LINE('',#2082,#995);
#798=LINE('',#2084,#996);
#799=LINE('',#2086,#997);
#800=LINE('',#2088,#998);
#801=LINE('',#2089,#999);
#802=LINE('',#2094,#1000);
#803=LINE('',#2097,#1001);
#804=LINE('',#2099,#1002);
#805=LINE('',#2101,#1003);
#806=LINE('',#2103,#1004);
#807=LINE('',#2105,#1005);
#808=LINE('',#2107,#1006);
#809=LINE('',#2109,#1007);
#810=LINE('',#2111,#1008);
#811=LINE('',#2114,#1009);
#812=LINE('',#2116,#1010);
#813=LINE('',#2118,#1011);
#814=LINE('',#2120,#1012);
#815=LINE('',#2122,#1013);
#816=LINE('',#2124,#1014);
#817=LINE('',#2126,#1015);
#818=LINE('',#2128,#1016);
#819=LINE('',#2130,#1017);
#820=LINE('',#2132,#1018);
#821=LINE('',#2134,#1019);
#822=LINE('',#2136,#1020);
#823=LINE('',#2138,#1021);
#824=LINE('',#2140,#1022);
#825=LINE('',#2142,#1023);
#826=LINE('',#2144,#1024);
#827=LINE('',#2146,#1025);
#828=LINE('',#2148,#1026);
#829=LINE('',#2150,#1027);
#830=LINE('',#2152,#1028);
#831=LINE('',#2153,#1029);
#832=LINE('',#2155,#1030);
#833=LINE('',#2156,#1031);
#834=LINE('',#2158,#1032);
#835=LINE('',#2160,#1033);
#836=LINE('',#2163,#1034);
#837=LINE('',#2165,#1035);
#838=LINE('',#2169,#1036);
#839=LINE('',#2172,#1037);
#840=LINE('',#2174,#1038);
#841=LINE('',#2176,#1039);
#842=LINE('',#2178,#1040);
#843=LINE('',#2180,#1041);
#844=LINE('',#2182,#1042);
#845=LINE('',#2184,#1043);
#846=LINE('',#2186,#1044);
#847=LINE('',#2189,#1045);
#848=LINE('',#2191,#1046);
#849=LINE('',#2193,#1047);
#850=LINE('',#2195,#1048);
#851=LINE('',#2197,#1049);
#852=LINE('',#2199,#1050);
#853=LINE('',#2201,#1051);
#854=LINE('',#2203,#1052);
#855=LINE('',#2205,#1053);
#856=LINE('',#2207,#1054);
#857=LINE('',#2209,#1055);
#858=LINE('',#2211,#1056);
#859=LINE('',#2213,#1057);
#860=LINE('',#2215,#1058);
#861=LINE('',#2217,#1059);
#862=LINE('',#2219,#1060);
#863=LINE('',#2221,#1061);
#864=LINE('',#2223,#1062);
#865=LINE('',#2225,#1063);
#866=LINE('',#2227,#1064);
#867=LINE('',#2228,#1065);
#868=LINE('',#2230,#1066);
#869=LINE('',#2231,#1067);
#870=LINE('',#2233,#1068);
#871=LINE('',#2235,#1069);
#872=LINE('',#2238,#1070);
#873=LINE('',#2240,#1071);
#874=LINE('',#2244,#1072);
#875=LINE('',#2247,#1073);
#876=LINE('',#2249,#1074);
#877=LINE('',#2251,#1075);
#878=LINE('',#2253,#1076);
#879=LINE('',#2255,#1077);
#880=LINE('',#2257,#1078);
#881=LINE('',#2259,#1079);
#882=LINE('',#2261,#1080);
#883=LINE('',#2263,#1081);
#884=LINE('',#2265,#1082);
#885=LINE('',#2267,#1083);
#886=LINE('',#2269,#1084);
#887=LINE('',#2271,#1085);
#888=LINE('',#2273,#1086);
#889=LINE('',#2275,#1087);
#890=LINE('',#2277,#1088);
#891=LINE('',#2279,#1089);
#892=LINE('',#2281,#1090);
#893=LINE('',#2283,#1091);
#894=LINE('',#2285,#1092);
#895=LINE('',#2287,#1093);
#896=LINE('',#2289,#1094);
#897=LINE('',#2291,#1095);
#898=LINE('',#2293,#1096);
#899=LINE('',#2295,#1097);
#900=LINE('',#2297,#1098);
#901=LINE('',#2299,#1099);
#902=LINE('',#2301,#1100);
#903=LINE('',#2303,#1101);
#904=LINE('',#2305,#1102);
#905=LINE('',#2307,#1103);
#906=LINE('',#2309,#1104);
#907=LINE('',#2311,#1105);
#908=LINE('',#2313,#1106);
#909=LINE('',#2314,#1107);
#910=LINE('',#2319,#1108);
#911=LINE('',#2322,#1109);
#912=LINE('',#2324,#1110);
#913=LINE('',#2326,#1111);
#914=LINE('',#2328,#1112);
#915=LINE('',#2330,#1113);
#916=LINE('',#2332,#1114);
#917=LINE('',#2335,#1115);
#918=LINE('',#2337,#1116);
#919=LINE('',#2339,#1117);
#920=LINE('',#2341,#1118);
#921=LINE('',#2343,#1119);
#922=LINE('',#2345,#1120);
#923=LINE('',#2347,#1121);
#924=LINE('',#2349,#1122);
#925=LINE('',#2352,#1123);
#926=LINE('',#2354,#1124);
#927=LINE('',#2356,#1125);
#928=LINE('',#2358,#1126);
#929=LINE('',#2360,#1127);
#930=LINE('',#2362,#1128);
#931=LINE('',#2363,#1129);
#932=LINE('',#2365,#1130);
#933=LINE('',#2366,#1131);
#934=LINE('',#2368,#1132);
#935=LINE('',#2369,#1133);
#936=LINE('',#2371,#1134);
#937=LINE('',#2373,#1135);
#938=LINE('',#2375,#1136);
#939=LINE('',#2377,#1137);
#940=LINE('',#2380,#1138);
#941=LINE('',#2382,#1139);
#942=LINE('',#2384,#1140);
#943=LINE('',#2386,#1141);
#944=LINE('',#2388,#1142);
#945=LINE('',#2390,#1143);
#946=VECTOR('',#1616,1.);
#947=VECTOR('',#1617,1.);
#948=VECTOR('',#1618,1.);
#949=VECTOR('',#1619,1.);
#950=VECTOR('',#1620,1.);
#951=VECTOR('',#1621,1.);
#952=VECTOR('',#1622,1.);
#953=VECTOR('',#1623,1.);
#954=VECTOR('',#1626,1.);
#955=VECTOR('',#1627,1.);
#956=VECTOR('',#1628,1.);
#957=VECTOR('',#1629,1.);
#958=VECTOR('',#1630,1.);
#959=VECTOR('',#1631,1.);
#960=VECTOR('',#1634,1.);
#961=VECTOR('',#1635,1.);
#962=VECTOR('',#1636,1.);
#963=VECTOR('',#1639,1.);
#964=VECTOR('',#1640,1.);
#965=VECTOR('',#1641,1.);
#966=VECTOR('',#1642,1.);
#967=VECTOR('',#1643,1.);
#968=VECTOR('',#1646,1.);
#969=VECTOR('',#1647,1.);
#970=VECTOR('',#1648,1.);
#971=VECTOR('',#1649,1.);
#972=VECTOR('',#1652,1.);
#973=VECTOR('',#1653,1.);
#974=VECTOR('',#1654,1.);
#975=VECTOR('',#1655,1.);
#976=VECTOR('',#1658,1.);
#977=VECTOR('',#1659,1.);
#978=VECTOR('',#1662,1.);
#979=VECTOR('',#1665,1.);
#980=VECTOR('',#1666,1.);
#981=VECTOR('',#1669,1.);
#982=VECTOR('',#1674,1.);
#983=VECTOR('',#1677,1.);
#984=VECTOR('',#1678,1.);
#985=VECTOR('',#1681,1.);
#986=VECTOR('',#1682,1.);
#987=VECTOR('',#1685,1.);
#988=VECTOR('',#1692,1.);
#989=VECTOR('',#1693,1.);
#990=VECTOR('',#1694,1.);
#991=VECTOR('',#1695,1.);
#992=VECTOR('',#1698,1.);
#993=VECTOR('',#1699,1.);
#994=VECTOR('',#1700,1.);
#995=VECTOR('',#1703,1.);
#996=VECTOR('',#1704,1.);
#997=VECTOR('',#1705,1.);
#998=VECTOR('',#1708,1.);
#999=VECTOR('',#1709,1.);
#1000=VECTOR('',#1718,1.);
#1001=VECTOR('',#1719,1.);
#1002=VECTOR('',#1720,1.);
#1003=VECTOR('',#1721,1.);
#1004=VECTOR('',#1722,1.);
#1005=VECTOR('',#1723,1.);
#1006=VECTOR('',#1724,1.);
#1007=VECTOR('',#1725,1.);
#1008=VECTOR('',#1728,1.);
#1009=VECTOR('',#1729,1.);
#1010=VECTOR('',#1730,1.);
#1011=VECTOR('',#1731,1.);
#1012=VECTOR('',#1732,1.);
#1013=VECTOR('',#1733,1.);
#1014=VECTOR('',#1736,1.);
#1015=VECTOR('',#1737,1.);
#1016=VECTOR('',#1738,1.);
#1017=VECTOR('',#1741,1.);
#1018=VECTOR('',#1742,1.);
#1019=VECTOR('',#1743,1.);
#1020=VECTOR('',#1746,1.);
#1021=VECTOR('',#1747,1.);
#1022=VECTOR('',#1748,1.);
#1023=VECTOR('',#1751,1.);
#1024=VECTOR('',#1752,1.);
#1025=VECTOR('',#1753,1.);
#1026=VECTOR('',#1754,1.);
#1027=VECTOR('',#1755,1.);
#1028=VECTOR('',#1758,1.);
#1029=VECTOR('',#1759,1.);
#1030=VECTOR('',#1762,1.);
#1031=VECTOR('',#1763,1.);
#1032=VECTOR('',#1766,1.);
#1033=VECTOR('',#1769,1.);
#1034=VECTOR('',#1774,1.);
#1035=VECTOR('',#1777,1.);
#1036=VECTOR('',#1784,1.);
#1037=VECTOR('',#1785,1.);
#1038=VECTOR('',#1786,1.);
#1039=VECTOR('',#1787,1.);
#1040=VECTOR('',#1788,1.);
#1041=VECTOR('',#1789,1.);
#1042=VECTOR('',#1790,1.);
#1043=VECTOR('',#1791,1.);
#1044=VECTOR('',#1794,1.);
#1045=VECTOR('',#1795,1.);
#1046=VECTOR('',#1796,1.);
#1047=VECTOR('',#1797,1.);
#1048=VECTOR('',#1798,1.);
#1049=VECTOR('',#1799,1.);
#1050=VECTOR('',#1802,1.);
#1051=VECTOR('',#1803,1.);
#1052=VECTOR('',#1804,1.);
#1053=VECTOR('',#1807,1.);
#1054=VECTOR('',#1808,1.);
#1055=VECTOR('',#1809,1.);
#1056=VECTOR('',#1812,1.);
#1057=VECTOR('',#1813,1.);
#1058=VECTOR('',#1814,1.);
#1059=VECTOR('',#1817,1.);
#1060=VECTOR('',#1818,1.);
#1061=VECTOR('',#1819,1.);
#1062=VECTOR('',#1820,1.);
#1063=VECTOR('',#1821,1.);
#1064=VECTOR('',#1824,1.);
#1065=VECTOR('',#1825,1.);
#1066=VECTOR('',#1828,1.);
#1067=VECTOR('',#1829,1.);
#1068=VECTOR('',#1832,1.);
#1069=VECTOR('',#1835,1.);
#1070=VECTOR('',#1840,1.);
#1071=VECTOR('',#1843,1.);
#1072=VECTOR('',#1850,1.);
#1073=VECTOR('',#1851,1.);
#1074=VECTOR('',#1852,1.);
#1075=VECTOR('',#1853,1.);
#1076=VECTOR('',#1856,1.);
#1077=VECTOR('',#1857,1.);
#1078=VECTOR('',#1858,1.);
#1079=VECTOR('',#1861,1.);
#1080=VECTOR('',#1862,1.);
#1081=VECTOR('',#1863,1.);
#1082=VECTOR('',#1866,1.);
#1083=VECTOR('',#1867,1.);
#1084=VECTOR('',#1868,1.);
#1085=VECTOR('',#1871,1.);
#1086=VECTOR('',#1872,1.);
#1087=VECTOR('',#1873,1.);
#1088=VECTOR('',#1876,1.);
#1089=VECTOR('',#1877,1.);
#1090=VECTOR('',#1878,1.);
#1091=VECTOR('',#1881,1.);
#1092=VECTOR('',#1882,1.);
#1093=VECTOR('',#1883,1.);
#1094=VECTOR('',#1886,1.);
#1095=VECTOR('',#1887,1.);
#1096=VECTOR('',#1888,1.);
#1097=VECTOR('',#1891,1.);
#1098=VECTOR('',#1892,1.);
#1099=VECTOR('',#1893,1.);
#1100=VECTOR('',#1896,1.);
#1101=VECTOR('',#1897,1.);
#1102=VECTOR('',#1898,1.);
#1103=VECTOR('',#1901,1.);
#1104=VECTOR('',#1902,1.);
#1105=VECTOR('',#1903,1.);
#1106=VECTOR('',#1906,1.);
#1107=VECTOR('',#1907,1.);
#1108=VECTOR('',#1916,1.);
#1109=VECTOR('',#1917,1.);
#1110=VECTOR('',#1918,1.);
#1111=VECTOR('',#1919,1.);
#1112=VECTOR('',#1920,1.);
#1113=VECTOR('',#1921,1.);
#1114=VECTOR('',#1924,1.);
#1115=VECTOR('',#1925,1.);
#1116=VECTOR('',#1926,1.);
#1117=VECTOR('',#1927,1.);
#1118=VECTOR('',#1928,1.);
#1119=VECTOR('',#1929,1.);
#1120=VECTOR('',#1930,1.);
#1121=VECTOR('',#1931,1.);
#1122=VECTOR('',#1934,1.);
#1123=VECTOR('',#1935,1.);
#1124=VECTOR('',#1936,1.);
#1125=VECTOR('',#1937,1.);
#1126=VECTOR('',#1938,1.);
#1127=VECTOR('',#1939,1.);
#1128=VECTOR('',#1942,1.);
#1129=VECTOR('',#1943,1.);
#1130=VECTOR('',#1946,1.);
#1131=VECTOR('',#1947,1.);
#1132=VECTOR('',#1950,1.);
#1133=VECTOR('',#1951,1.);
#1134=VECTOR('',#1952,1.);
#1135=VECTOR('',#1953,1.);
#1136=VECTOR('',#1956,1.);
#1137=VECTOR('',#1959,1.);
#1138=VECTOR('',#1964,1.);
#1139=VECTOR('',#1967,1.);
#1140=VECTOR('',#1968,1.);
#1141=VECTOR('',#1971,1.);
#1142=VECTOR('',#1972,1.);
#1143=VECTOR('',#1975,1.);
#1144=EDGE_LOOP('',(#22,#23,#24,#25,#26,#27,#28,#29));
#1145=EDGE_LOOP('',(#30,#31,#32,#33,#34,#35));
#1146=EDGE_LOOP('',(#36,#37,#38,#39));
#1147=EDGE_LOOP('',(#40,#41,#42,#43,#44,#45));
#1148=EDGE_LOOP('',(#46,#47,#48,#49,#50,#51,#52,#53));
#1149=EDGE_LOOP('',(#54,#55,#56,#57,#58,#59,#60,#61));
#1150=EDGE_LOOP('',(#62,#63,#64,#65));
#1151=EDGE_LOOP('',(#66,#67,#68,#69));
#1152=EDGE_LOOP('',(#70,#71,#72,#73));
#1153=EDGE_LOOP('',(#74,#75,#76,#77));
#1154=EDGE_LOOP('',(#78,#79,#80,#81,#82,#83));
#1155=EDGE_LOOP('',(#84,#85,#86,#87));
#1156=EDGE_LOOP('',(#88,#89,#90,#91));
#1157=EDGE_LOOP('',(#92,#93,#94,#95));
#1158=EDGE_LOOP('',(#96,#97,#98,#99));
#1159=EDGE_LOOP('',(#100,#101,#102,#103,#104,#105));
#1160=EDGE_LOOP('',(#106,#107,#108,#109));
#1161=EDGE_LOOP('',(#110,#111,#112,#113));
#1162=EDGE_LOOP('',(#114,#115,#116,#117));
#1163=EDGE_LOOP('',(#118,#119,#120,#121));
#1164=EDGE_LOOP('',(#122,#123,#124,#125));
#1165=EDGE_LOOP('',(#126,#127,#128,#129));
#1166=EDGE_LOOP('',(#130,#131,#132,#133,#134,#135,#136,#137));
#1167=EDGE_LOOP('',(#138,#139,#140,#141,#142,#143));
#1168=EDGE_LOOP('',(#144,#145,#146,#147));
#1169=EDGE_LOOP('',(#148,#149,#150,#151));
#1170=EDGE_LOOP('',(#152,#153,#154,#155));
#1171=EDGE_LOOP('',(#156,#157,#158,#159,#160,#161));
#1172=EDGE_LOOP('',(#162,#163,#164,#165,#166,#167,#168,#169));
#1173=EDGE_LOOP('',(#170,#171,#172,#173,#174,#175,#176,#177));
#1174=EDGE_LOOP('',(#178,#179,#180,#181));
#1175=EDGE_LOOP('',(#182,#183,#184,#185));
#1176=EDGE_LOOP('',(#186,#187,#188,#189));
#1177=EDGE_LOOP('',(#190,#191,#192,#193));
#1178=EDGE_LOOP('',(#194,#195,#196,#197));
#1179=EDGE_LOOP('',(#198,#199,#200,#201));
#1180=EDGE_LOOP('',(#202,#203,#204,#205,#206,#207,#208,#209));
#1181=EDGE_LOOP('',(#210,#211,#212,#213,#214,#215));
#1182=EDGE_LOOP('',(#216,#217,#218,#219));
#1183=EDGE_LOOP('',(#220,#221,#222,#223));
#1184=EDGE_LOOP('',(#224,#225,#226,#227));
#1185=EDGE_LOOP('',(#228,#229,#230,#231,#232,#233));
#1186=EDGE_LOOP('',(#234,#235,#236,#237,#238,#239,#240,#241));
#1187=EDGE_LOOP('',(#242,#243,#244,#245,#246,#247,#248,#249));
#1188=EDGE_LOOP('',(#250,#251,#252,#253));
#1189=EDGE_LOOP('',(#254,#255,#256,#257));
#1190=EDGE_LOOP('',(#258,#259,#260,#261));
#1191=EDGE_LOOP('',(#262,#263,#264,#265));
#1192=EDGE_LOOP('',(#266,#267,#268,#269));
#1193=EDGE_LOOP('',(#270,#271,#272,#273));
#1194=EDGE_LOOP('',(#274,#275,#276,#277));
#1195=EDGE_LOOP('',(#278,#279,#280,#281));
#1196=EDGE_LOOP('',(#282,#283,#284,#285));
#1197=EDGE_LOOP('',(#286,#287,#288,#289));
#1198=EDGE_LOOP('',(#290,#291,#292,#293));
#1199=EDGE_LOOP('',(#294,#295,#296,#297));
#1200=EDGE_LOOP('',(#298,#299,#300,#301));
#1201=EDGE_LOOP('',(#302,#303,#304,#305));
#1202=EDGE_LOOP('',(#306,#307,#308,#309));
#1203=EDGE_LOOP('',(#310,#311,#312,#313));
#1204=EDGE_LOOP('',(#314,#315,#316,#317));
#1205=EDGE_LOOP('',(#318,#319,#320,#321));
#1206=EDGE_LOOP('',(#322,#323,#324,#325,#326,#327,#328,#329,#330,#331,#332,
#333));
#1207=EDGE_LOOP('',(#334,#335,#336,#337,#338,#339,#340,#341,#342,#343,#344,
#345));
#1208=EDGE_LOOP('',(#346,#347,#348,#349,#350,#351));
#1209=EDGE_LOOP('',(#352,#353,#354,#355,#356,#357,#358,#359));
#1210=EDGE_LOOP('',(#360,#361,#362,#363,#364,#365));
#1211=EDGE_LOOP('',(#366,#367,#368,#369));
#1212=EDGE_LOOP('',(#370,#371,#372,#373,#374,#375));
#1213=EDGE_LOOP('',(#376,#377,#378,#379,#380,#381,#382,#383));
#1214=EDGE_LOOP('',(#384,#385,#386,#387));
#1215=EDGE_LOOP('',(#388,#389,#390,#391));
#1216=EDGE_LOOP('',(#392,#393,#394,#395));
#1217=EDGE_LOOP('',(#396,#397,#398,#399));
#1218=EDGE_LOOP('',(#400,#401,#402,#403));
#1219=EDGE_LOOP('',(#404,#405,#406,#407));
#1220=EDGE_LOOP('',(#408,#409,#410,#411));
#1221=EDGE_LOOP('',(#412,#413,#414,#415,#416,#417));
#1222=FACE_BOUND('',#1144,.T.);
#1223=FACE_BOUND('',#1145,.T.);
#1224=FACE_BOUND('',#1146,.T.);
#1225=FACE_BOUND('',#1147,.T.);
#1226=FACE_BOUND('',#1148,.T.);
#1227=FACE_BOUND('',#1149,.T.);
#1228=FACE_BOUND('',#1150,.T.);
#1229=FACE_BOUND('',#1151,.T.);
#1230=FACE_BOUND('',#1152,.T.);
#1231=FACE_BOUND('',#1153,.T.);
#1232=FACE_BOUND('',#1154,.T.);
#1233=FACE_BOUND('',#1155,.T.);
#1234=FACE_BOUND('',#1156,.T.);
#1235=FACE_BOUND('',#1157,.T.);
#1236=FACE_BOUND('',#1158,.T.);
#1237=FACE_BOUND('',#1159,.T.);
#1238=FACE_BOUND('',#1160,.T.);
#1239=FACE_BOUND('',#1161,.T.);
#1240=FACE_BOUND('',#1162,.T.);
#1241=FACE_BOUND('',#1163,.T.);
#1242=FACE_BOUND('',#1164,.T.);
#1243=FACE_BOUND('',#1165,.T.);
#1244=FACE_BOUND('',#1166,.T.);
#1245=FACE_BOUND('',#1167,.T.);
#1246=FACE_BOUND('',#1168,.T.);
#1247=FACE_BOUND('',#1169,.T.);
#1248=FACE_BOUND('',#1170,.T.);
#1249=FACE_BOUND('',#1171,.T.);
#1250=FACE_BOUND('',#1172,.T.);
#1251=FACE_BOUND('',#1173,.T.);
#1252=FACE_BOUND('',#1174,.T.);
#1253=FACE_BOUND('',#1175,.T.);
#1254=FACE_BOUND('',#1176,.T.);
#1255=FACE_BOUND('',#1177,.T.);
#1256=FACE_BOUND('',#1178,.T.);
#1257=FACE_BOUND('',#1179,.T.);
#1258=FACE_BOUND('',#1180,.T.);
#1259=FACE_BOUND('',#1181,.T.);
#1260=FACE_BOUND('',#1182,.T.);
#1261=FACE_BOUND('',#1183,.T.);
#1262=FACE_BOUND('',#1184,.T.);
#1263=FACE_BOUND('',#1185,.T.);
#1264=FACE_BOUND('',#1186,.T.);
#1265=FACE_BOUND('',#1187,.T.);
#1266=FACE_BOUND('',#1188,.T.);
#1267=FACE_BOUND('',#1189,.T.);
#1268=FACE_BOUND('',#1190,.T.);
#1269=FACE_BOUND('',#1191,.T.);
#1270=FACE_BOUND('',#1192,.T.);
#1271=FACE_BOUND('',#1193,.T.);
#1272=FACE_BOUND('',#1194,.T.);
#1273=FACE_BOUND('',#1195,.T.);
#1274=FACE_BOUND('',#1196,.T.);
#1275=FACE_BOUND('',#1197,.T.);
#1276=FACE_BOUND('',#1198,.T.);
#1277=FACE_BOUND('',#1199,.T.);
#1278=FACE_BOUND('',#1200,.T.);
#1279=FACE_BOUND('',#1201,.T.);
#1280=FACE_BOUND('',#1202,.T.);
#1281=FACE_BOUND('',#1203,.T.);
#1282=FACE_BOUND('',#1204,.T.);
#1283=FACE_BOUND('',#1205,.T.);
#1284=FACE_BOUND('',#1206,.T.);
#1285=FACE_BOUND('',#1207,.T.);
#1286=FACE_BOUND('',#1208,.T.);
#1287=FACE_BOUND('',#1209,.T.);
#1288=FACE_BOUND('',#1210,.T.);
#1289=FACE_BOUND('',#1211,.T.);
#1290=FACE_BOUND('',#1212,.T.);
#1291=FACE_BOUND('',#1213,.T.);
#1292=FACE_BOUND('',#1214,.T.);
#1293=FACE_BOUND('',#1215,.T.);
#1294=FACE_BOUND('',#1216,.T.);
#1295=FACE_BOUND('',#1217,.T.);
#1296=FACE_BOUND('',#1218,.T.);
#1297=FACE_BOUND('',#1219,.T.);
#1298=FACE_BOUND('',#1220,.T.);
#1299=FACE_BOUND('',#1221,.T.);
#1300=PLANE('',#1529);
#1301=PLANE('',#1530);
#1302=PLANE('',#1531);
#1303=PLANE('',#1532);
#1304=PLANE('',#1533);
#1305=PLANE('',#1534);
#1306=PLANE('',#1535);
#1307=PLANE('',#1536);
#1308=PLANE('',#1537);
#1309=PLANE('',#1538);
#1310=PLANE('',#1539);
#1311=PLANE('',#1540);
#1312=PLANE('',#1541);
#1313=PLANE('',#1542);
#1314=PLANE('',#1543);
#1315=PLANE('',#1544);
#1316=PLANE('',#1546);
#1317=PLANE('',#1547);
#1318=PLANE('',#1548);
#1319=PLANE('',#1549);
#1320=PLANE('',#1550);
#1321=PLANE('',#1551);
#1322=PLANE('',#1553);
#1323=PLANE('',#1554);
#1324=PLANE('',#1555);
#1325=PLANE('',#1556);
#1326=PLANE('',#1557);
#1327=PLANE('',#1558);
#1328=PLANE('',#1559);
#1329=PLANE('',#1560);
#1330=PLANE('',#1561);
#1331=PLANE('',#1562);
#1332=PLANE('',#1563);
#1333=PLANE('',#1564);
#1334=PLANE('',#1565);
#1335=PLANE('',#1566);
#1336=PLANE('',#1568);
#1337=PLANE('',#1569);
#1338=PLANE('',#1570);
#1339=PLANE('',#1571);
#1340=PLANE('',#1572);
#1341=PLANE('',#1573);
#1342=PLANE('',#1574);
#1343=PLANE('',#1575);
#1344=PLANE('',#1576);
#1345=PLANE('',#1577);
#1346=PLANE('',#1578);
#1347=PLANE('',#1579);
#1348=PLANE('',#1580);
#1349=PLANE('',#1581);
#1350=PLANE('',#1583);
#1351=PLANE('',#1584);
#1352=PLANE('',#1585);
#1353=PLANE('',#1586);
#1354=PLANE('',#1587);
#1355=PLANE('',#1588);
#1356=PLANE('',#1589);
#1357=PLANE('',#1590);
#1358=PLANE('',#1591);
#1359=PLANE('',#1592);
#1360=PLANE('',#1593);
#1361=PLANE('',#1594);
#1362=PLANE('',#1595);
#1363=PLANE('',#1596);
#1364=PLANE('',#1598);
#1365=PLANE('',#1599);
#1366=PLANE('',#1600);
#1367=PLANE('',#1601);
#1368=PLANE('',#1602);
#1369=PLANE('',#1603);
#1370=PLANE('',#1604);
#1371=PLANE('',#1605);
#1372=PLANE('',#1606);
#1373=PLANE('',#1607);
#1374=PLANE('',#1608);
#1375=PLANE('',#1609);
#1376=PLANE('',#1610);
#1377=PLANE('',#1611);
#1378=ADVANCED_FACE('',(#1222),#1300,.F.);
#1379=ADVANCED_FACE('',(#1223),#1301,.T.);
#1380=ADVANCED_FACE('',(#1224),#1302,.T.);
#1381=ADVANCED_FACE('',(#1225),#1303,.T.);
#1382=ADVANCED_FACE('',(#1226),#1304,.T.);
#1383=ADVANCED_FACE('',(#1227),#1305,.F.);
#1384=ADVANCED_FACE('',(#1228),#1306,.T.);
#1385=ADVANCED_FACE('',(#1229),#1307,.F.);
#1386=ADVANCED_FACE('',(#1230),#1308,.T.);
#1387=ADVANCED_FACE('',(#1231),#1309,.T.);
#1388=ADVANCED_FACE('',(#1232),#1310,.T.);
#1389=ADVANCED_FACE('',(#1233),#1311,.T.);
#1390=ADVANCED_FACE('',(#1234),#1312,.F.);
#1391=ADVANCED_FACE('',(#1235),#1313,.T.);
#1392=ADVANCED_FACE('',(#1236),#1314,.T.);
#1393=ADVANCED_FACE('',(#1237),#1315,.T.);
#1394=ADVANCED_FACE('',(#1238),#1316,.T.);
#1395=ADVANCED_FACE('',(#1239),#1317,.F.);
#1396=ADVANCED_FACE('',(#1240),#1318,.F.);
#1397=ADVANCED_FACE('',(#1241),#1319,.T.);
#1398=ADVANCED_FACE('',(#1242),#1320,.T.);
#1399=ADVANCED_FACE('',(#1243),#1321,.F.);
#1400=ADVANCED_FACE('',(#1244),#1322,.T.);
#1401=ADVANCED_FACE('',(#1245),#1323,.F.);
#1402=ADVANCED_FACE('',(#1246),#1324,.F.);
#1403=ADVANCED_FACE('',(#1247),#1325,.F.);
#1404=ADVANCED_FACE('',(#1248),#1326,.T.);
#1405=ADVANCED_FACE('',(#1249),#1327,.F.);
#1406=ADVANCED_FACE('',(#1250),#1328,.T.);
#1407=ADVANCED_FACE('',(#1251),#1329,.F.);
#1408=ADVANCED_FACE('',(#1252),#1330,.F.);
#1409=ADVANCED_FACE('',(#1253),#1331,.T.);
#1410=ADVANCED_FACE('',(#1254),#1332,.T.);
#1411=ADVANCED_FACE('',(#1255),#1333,.T.);
#1412=ADVANCED_FACE('',(#1256),#1334,.F.);
#1413=ADVANCED_FACE('',(#1257),#1335,.T.);
#1414=ADVANCED_FACE('',(#1258),#1336,.T.);
#1415=ADVANCED_FACE('',(#1259),#1337,.F.);
#1416=ADVANCED_FACE('',(#1260),#1338,.F.);
#1417=ADVANCED_FACE('',(#1261),#1339,.F.);
#1418=ADVANCED_FACE('',(#1262),#1340,.F.);
#1419=ADVANCED_FACE('',(#1263),#1341,.F.);
#1420=ADVANCED_FACE('',(#1264),#1342,.T.);
#1421=ADVANCED_FACE('',(#1265),#1343,.F.);
#1422=ADVANCED_FACE('',(#1266),#1344,.F.);
#1423=ADVANCED_FACE('',(#1267),#1345,.T.);
#1424=ADVANCED_FACE('',(#1268),#1346,.T.);
#1425=ADVANCED_FACE('',(#1269),#1347,.T.);
#1426=ADVANCED_FACE('',(#1270),#1348,.F.);
#1427=ADVANCED_FACE('',(#1271),#1349,.T.);
#1428=ADVANCED_FACE('',(#1272),#1350,.T.);
#1429=ADVANCED_FACE('',(#1273),#1351,.F.);
#1430=ADVANCED_FACE('',(#1274),#1352,.F.);
#1431=ADVANCED_FACE('',(#1275),#1353,.F.);
#1432=ADVANCED_FACE('',(#1276),#1354,.T.);
#1433=ADVANCED_FACE('',(#1277),#1355,.F.);
#1434=ADVANCED_FACE('',(#1278),#1356,.F.);
#1435=ADVANCED_FACE('',(#1279),#1357,.T.);
#1436=ADVANCED_FACE('',(#1280),#1358,.T.);
#1437=ADVANCED_FACE('',(#1281),#1359,.T.);
#1438=ADVANCED_FACE('',(#1282),#1360,.F.);
#1439=ADVANCED_FACE('',(#1283),#1361,.F.);
#1440=ADVANCED_FACE('',(#1284),#1362,.T.);
#1441=ADVANCED_FACE('',(#1285),#1363,.F.);
#1442=ADVANCED_FACE('',(#1286),#1364,.F.);
#1443=ADVANCED_FACE('',(#1287),#1365,.T.);
#1444=ADVANCED_FACE('',(#1288),#1366,.F.);
#1445=ADVANCED_FACE('',(#1289),#1367,.T.);
#1446=ADVANCED_FACE('',(#1290),#1368,.T.);
#1447=ADVANCED_FACE('',(#1291),#1369,.F.);
#1448=ADVANCED_FACE('',(#1292),#1370,.F.);
#1449=ADVANCED_FACE('',(#1293),#1371,.T.);
#1450=ADVANCED_FACE('',(#1294),#1372,.T.);
#1451=ADVANCED_FACE('',(#1295),#1373,.T.);
#1452=ADVANCED_FACE('',(#1296),#1374,.F.);
#1453=ADVANCED_FACE('',(#1297),#1375,.F.);
#1454=ADVANCED_FACE('',(#1298),#1376,.F.);
#1455=ADVANCED_FACE('',(#1299),#1377,.T.);
#1456=CLOSED_SHELL('',(#1378,#1379,#1380,#1381,#1382,#1383,#1384,#1385,
#1386,#1387,#1388,#1389,#1390,#1391,#1392,#1393));
#1457=CLOSED_SHELL('',(#1394,#1395,#1396,#1397,#1398,#1399));
#1458=CLOSED_SHELL('',(#1400,#1401,#1402,#1403,#1404,#1405,#1406,#1407,
#1408,#1409,#1410,#1411,#1412,#1413));
#1459=CLOSED_SHELL('',(#1414,#1415,#1416,#1417,#1418,#1419,#1420,#1421,
#1422,#1423,#1424,#1425,#1426,#1427));
#1460=CLOSED_SHELL('',(#1428,#1429,#1430,#1431,#1432,#1433,#1434,#1435,
#1436,#1437,#1438,#1439,#1440,#1441));
#1461=CLOSED_SHELL('',(#1442,#1443,#1444,#1445,#1446,#1447,#1448,#1449,
#1450,#1451,#1452,#1453,#1454,#1455));
#1462=STYLED_ITEM('',(#1468),#1510);
#1463=STYLED_ITEM('',(#1469),#1511);
#1464=STYLED_ITEM('',(#1470),#1512);
#1465=STYLED_ITEM('',(#1471),#1513);
#1466=STYLED_ITEM('',(#1472),#1514);
#1467=STYLED_ITEM('',(#1473),#1515);
#1468=PRESENTATION_STYLE_ASSIGNMENT((#1474));
#1469=PRESENTATION_STYLE_ASSIGNMENT((#1475));
#1470=PRESENTATION_STYLE_ASSIGNMENT((#1476));
#1471=PRESENTATION_STYLE_ASSIGNMENT((#1477));
#1472=PRESENTATION_STYLE_ASSIGNMENT((#1478));
#1473=PRESENTATION_STYLE_ASSIGNMENT((#1479));
#1474=SURFACE_STYLE_USAGE(.BOTH.,#1480);
#1475=SURFACE_STYLE_USAGE(.BOTH.,#1481);
#1476=SURFACE_STYLE_USAGE(.BOTH.,#1482);
#1477=SURFACE_STYLE_USAGE(.BOTH.,#1483);
#1478=SURFACE_STYLE_USAGE(.BOTH.,#1484);
#1479=SURFACE_STYLE_USAGE(.BOTH.,#1485);
#1480=SURFACE_SIDE_STYLE('',(#1486));
#1481=SURFACE_SIDE_STYLE('',(#1487));
#1482=SURFACE_SIDE_STYLE('',(#1488));
#1483=SURFACE_SIDE_STYLE('',(#1489));
#1484=SURFACE_SIDE_STYLE('',(#1490));
#1485=SURFACE_SIDE_STYLE('',(#1491));
#1486=SURFACE_STYLE_FILL_AREA(#1492);
#1487=SURFACE_STYLE_FILL_AREA(#1493);
#1488=SURFACE_STYLE_FILL_AREA(#1494);
#1489=SURFACE_STYLE_FILL_AREA(#1495);
#1490=SURFACE_STYLE_FILL_AREA(#1496);
#1491=SURFACE_STYLE_FILL_AREA(#1497);
#1492=FILL_AREA_STYLE('',(#1498));
#1493=FILL_AREA_STYLE('',(#1499));
#1494=FILL_AREA_STYLE('',(#1500));
#1495=FILL_AREA_STYLE('',(#1501));
#1496=FILL_AREA_STYLE('',(#1502));
#1497=FILL_AREA_STYLE('',(#1503));
#1498=FILL_AREA_STYLE_COLOUR('',#1504);
#1499=FILL_AREA_STYLE_COLOUR('',#1505);
#1500=FILL_AREA_STYLE_COLOUR('',#1506);
#1501=FILL_AREA_STYLE_COLOUR('',#1507);
#1502=FILL_AREA_STYLE_COLOUR('',#1508);
#1503=FILL_AREA_STYLE_COLOUR('',#1509);
#1504=COLOUR_RGB('',0.917647058823529,0.917647058823529,0.917647058823529);
#1505=COLOUR_RGB('',0.972549019607843,0.529411764705882,0.00392156862745098);
#1506=COLOUR_RGB('',0.372549019607843,0.654901960784314,0.23921568627451);
#1507=COLOUR_RGB('',0.768627450980392,0.886274509803922,0.952941176470588);
#1508=COLOUR_RGB('',0.615686274509804,0.811764705882353,0.929411764705882);
#1509=COLOUR_RGB('',0.231372549019608,0.380392156862745,0.705882352941177);
#1510=MANIFOLD_SOLID_BREP('Part 4',#1456);
#1511=MANIFOLD_SOLID_BREP('Part 6',#1457);
#1512=MANIFOLD_SOLID_BREP('Part 2',#1458);
#1513=MANIFOLD_SOLID_BREP('Part 5',#1459);
#1514=MANIFOLD_SOLID_BREP('Part 1',#1460);
#1515=MANIFOLD_SOLID_BREP('Part 3',#1461);
#1516=SHAPE_DEFINITION_REPRESENTATION(#2428,#1522);
#1517=SHAPE_DEFINITION_REPRESENTATION(#2429,#1523);
#1518=SHAPE_DEFINITION_REPRESENTATION(#2430,#1524);
#1519=SHAPE_DEFINITION_REPRESENTATION(#2431,#1525);
#1520=SHAPE_DEFINITION_REPRESENTATION(#2432,#1526);
#1521=SHAPE_DEFINITION_REPRESENTATION(#2433,#1527);
#1522=SHAPE_REPRESENTATION('Part 4',(#1528),#2398);
#1523=SHAPE_REPRESENTATION('Part 6',(#1545),#2399);
#1524=SHAPE_REPRESENTATION('Part 2',(#1552),#2400);
#1525=SHAPE_REPRESENTATION('Part 5',(#1567),#2401);
#1526=SHAPE_REPRESENTATION('Part 1',(#1582),#2402);
#1527=SHAPE_REPRESENTATION('Part 3',(#1597),#2403);
#1528=AXIS2_PLACEMENT_3D('',#1978,#1612,#1613);
#1529=AXIS2_PLACEMENT_3D('',#1979,#1614,#1615);
#1530=AXIS2_PLACEMENT_3D('',#1996,#1624,#1625);
#1531=AXIS2_PLACEMENT_3D('',#2009,#1632,#1633);
#1532=AXIS2_PLACEMENT_3D('',#2015,#1637,#1638);
#1533=AXIS2_PLACEMENT_3D('',#2025,#1644,#1645);
#1534=AXIS2_PLACEMENT_3D('',#2032,#1650,#1651);
#1535=AXIS2_PLACEMENT_3D('',#2039,#1656,#1657);
#1536=AXIS2_PLACEMENT_3D('',#2043,#1660,#1661);
#1537=AXIS2_PLACEMENT_3D('',#2045,#1663,#1664);
#1538=AXIS2_PLACEMENT_3D('',#2049,#1667,#1668);
#1539=AXIS2_PLACEMENT_3D('',#2051,#1670,#1671);
#1540=AXIS2_PLACEMENT_3D('',#2052,#1672,#1673);
#1541=AXIS2_PLACEMENT_3D('',#2054,#1675,#1676);
#1542=AXIS2_PLACEMENT_3D('',#2058,#1679,#1680);
#1543=AXIS2_PLACEMENT_3D('',#2062,#1683,#1684);
#1544=AXIS2_PLACEMENT_3D('',#2064,#1686,#1687);
#1545=AXIS2_PLACEMENT_3D('',#2065,#1688,#1689);
#1546=AXIS2_PLACEMENT_3D('',#2066,#1690,#1691);
#1547=AXIS2_PLACEMENT_3D('',#2075,#1696,#1697);
#1548=AXIS2_PLACEMENT_3D('',#2081,#1701,#1702);
#1549=AXIS2_PLACEMENT_3D('',#2087,#1706,#1707);
#1550=AXIS2_PLACEMENT_3D('',#2090,#1710,#1711);
#1551=AXIS2_PLACEMENT_3D('',#2091,#1712,#1713);
#1552=AXIS2_PLACEMENT_3D('',#2092,#1714,#1715);
#1553=AXIS2_PLACEMENT_3D('',#2093,#1716,#1717);
#1554=AXIS2_PLACEMENT_3D('',#2110,#1726,#1727);
#1555=AXIS2_PLACEMENT_3D('',#2123,#1734,#1735);
#1556=AXIS2_PLACEMENT_3D('',#2129,#1739,#1740);
#1557=AXIS2_PLACEMENT_3D('',#2135,#1744,#1745);
#1558=AXIS2_PLACEMENT_3D('',#2141,#1749,#1750);
#1559=AXIS2_PLACEMENT_3D('',#2151,#1756,#1757);
#1560=AXIS2_PLACEMENT_3D('',#2154,#1760,#1761);
#1561=AXIS2_PLACEMENT_3D('',#2157,#1764,#1765);
#1562=AXIS2_PLACEMENT_3D('',#2159,#1767,#1768);
#1563=AXIS2_PLACEMENT_3D('',#2161,#1770,#1771);
#1564=AXIS2_PLACEMENT_3D('',#2162,#1772,#1773);
#1565=AXIS2_PLACEMENT_3D('',#2164,#1775,#1776);
#1566=AXIS2_PLACEMENT_3D('',#2166,#1778,#1779);
#1567=AXIS2_PLACEMENT_3D('',#2167,#1780,#1781);
#1568=AXIS2_PLACEMENT_3D('',#2168,#1782,#1783);
#1569=AXIS2_PLACEMENT_3D('',#2185,#1792,#1793);
#1570=AXIS2_PLACEMENT_3D('',#2198,#1800,#1801);
#1571=AXIS2_PLACEMENT_3D('',#2204,#1805,#1806);
#1572=AXIS2_PLACEMENT_3D('',#2210,#1810,#1811);
#1573=AXIS2_PLACEMENT_3D('',#2216,#1815,#1816);
#1574=AXIS2_PLACEMENT_3D('',#2226,#1822,#1823);
#1575=AXIS2_PLACEMENT_3D('',#2229,#1826,#1827);
#1576=AXIS2_PLACEMENT_3D('',#2232,#1830,#1831);
#1577=AXIS2_PLACEMENT_3D('',#2234,#1833,#1834);
#1578=AXIS2_PLACEMENT_3D('',#2236,#1836,#1837);
#1579=AXIS2_PLACEMENT_3D('',#2237,#1838,#1839);
#1580=AXIS2_PLACEMENT_3D('',#2239,#1841,#1842);
#1581=AXIS2_PLACEMENT_3D('',#2241,#1844,#1845);
#1582=AXIS2_PLACEMENT_3D('',#2242,#1846,#1847);
#1583=AXIS2_PLACEMENT_3D('',#2243,#1848,#1849);
#1584=AXIS2_PLACEMENT_3D('',#2252,#1854,#1855);
#1585=AXIS2_PLACEMENT_3D('',#2258,#1859,#1860);
#1586=AXIS2_PLACEMENT_3D('',#2264,#1864,#1865);
#1587=AXIS2_PLACEMENT_3D('',#2270,#1869,#1870);
#1588=AXIS2_PLACEMENT_3D('',#2276,#1874,#1875);
#1589=AXIS2_PLACEMENT_3D('',#2282,#1879,#1880);
#1590=AXIS2_PLACEMENT_3D('',#2288,#1884,#1885);
#1591=AXIS2_PLACEMENT_3D('',#2294,#1889,#1890);
#1592=AXIS2_PLACEMENT_3D('',#2300,#1894,#1895);
#1593=AXIS2_PLACEMENT_3D('',#2306,#1899,#1900);
#1594=AXIS2_PLACEMENT_3D('',#2312,#1904,#1905);
#1595=AXIS2_PLACEMENT_3D('',#2315,#1908,#1909);
#1596=AXIS2_PLACEMENT_3D('',#2316,#1910,#1911);
#1597=AXIS2_PLACEMENT_3D('',#2317,#1912,#1913);
#1598=AXIS2_PLACEMENT_3D('',#2318,#1914,#1915);
#1599=AXIS2_PLACEMENT_3D('',#2331,#1922,#1923);
#1600=AXIS2_PLACEMENT_3D('',#2348,#1932,#1933);
#1601=AXIS2_PLACEMENT_3D('',#2361,#1940,#1941);
#1602=AXIS2_PLACEMENT_3D('',#2364,#1944,#1945);
#1603=AXIS2_PLACEMENT_3D('',#2367,#1948,#1949);
#1604=AXIS2_PLACEMENT_3D('',#2374,#1954,#1955);
#1605=AXIS2_PLACEMENT_3D('',#2376,#1957,#1958);
#1606=AXIS2_PLACEMENT_3D('',#2378,#1960,#1961);
#1607=AXIS2_PLACEMENT_3D('',#2379,#1962,#1963);
#1608=AXIS2_PLACEMENT_3D('',#2381,#1965,#1966);
#1609=AXIS2_PLACEMENT_3D('',#2385,#1969,#1970);
#1610=AXIS2_PLACEMENT_3D('',#2389,#1973,#1974);
#1611=AXIS2_PLACEMENT_3D('',#2391,#1976,#1977);
#1612=DIRECTION('',(0.,0.,1.));
#1613=DIRECTION('',(1.,0.,0.));
#1614=DIRECTION('',(0.,-4.07738506517053E-16,1.));
#1615=DIRECTION('',(0.,-1.,-4.07738506517053E-16));
#1616=DIRECTION('',(0.,1.,4.07738506517053E-16));
#1617=DIRECTION('',(-1.,0.,0.));
#1618=DIRECTION('',(0.,-1.,0.));
#1619=DIRECTION('',(-1.,0.,0.));
#1620=DIRECTION('',(0.,1.,4.07738506517053E-16));
#1621=DIRECTION('',(-1.,0.,0.));
#1622=DIRECTION('',(0.,1.,0.));
#1623=DIRECTION('',(-1.,0.,0.));
#1624=DIRECTION('',(0.,0.,1.));
#1625=DIRECTION('',(1.,0.,0.));
#1626=DIRECTION('',(0.,1.,0.));
#1627=DIRECTION('',(-1.,0.,0.));
#1628=DIRECTION('',(0.,1.,0.));
#1629=DIRECTION('',(-1.,0.,0.));
#1630=DIRECTION('',(0.,-1.,0.));
#1631=DIRECTION('',(-1.,0.,0.));
#1632=DIRECTION('',(0.,1.,0.));
#1633=DIRECTION('',(0.,0.,1.));
#1634=DIRECTION('',(0.,0.,-1.));
#1635=DIRECTION('',(-1.,0.,0.));
#1636=DIRECTION('',(0.,0.,-1.));
#1637=DIRECTION('',(0.,-2.54836566573159E-16,1.));
#1638=DIRECTION('',(0.,-1.,-2.54836566573159E-16));
#1639=DIRECTION('',(0.,1.,2.54836566573159E-16));
#1640=DIRECTION('',(-1.,0.,0.));
#1641=DIRECTION('',(0.,1.,0.));
#1642=DIRECTION('',(-1.,0.,0.));
#1643=DIRECTION('',(0.,1.,2.54836566573159E-16));
#1644=DIRECTION('',(1.,0.,0.));
#1645=DIRECTION('',(0.,1.,0.));
#1646=DIRECTION('',(0.,0.,-1.));
#1647=DIRECTION('',(0.,0.,1.));
#1648=DIRECTION('',(0.,0.,-1.));
#1649=DIRECTION('',(0.,1.,0.));
#1650=DIRECTION('',(1.,0.,0.));
#1651=DIRECTION('',(0.,1.,0.));
#1652=DIRECTION('',(0.,0.,-1.));
#1653=DIRECTION('',(0.,0.,-1.));
#1654=DIRECTION('',(0.,1.,0.));
#1655=DIRECTION('',(0.,0.,-1.));
#1656=DIRECTION('',(0.,1.,0.));
#1657=DIRECTION('',(0.,0.,1.));
#1658=DIRECTION('',(0.,0.,-1.));
#1659=DIRECTION('',(-1.,0.,0.));
#1660=DIRECTION('',(0.,1.,0.));
#1661=DIRECTION('',(0.,0.,1.));
#1662=DIRECTION('',(0.,0.,-1.));
#1663=DIRECTION('',(0.,1.,0.));
#1664=DIRECTION('',(0.,0.,1.));
#1665=DIRECTION('',(-1.,0.,0.));
#1666=DIRECTION('',(0.,0.,-1.));
#1667=DIRECTION('',(0.,0.,1.));
#1668=DIRECTION('',(1.,0.,0.));
#1669=DIRECTION('',(0.,1.,0.));
#1670=DIRECTION('',(1.,0.,0.));
#1671=DIRECTION('',(0.,1.,0.));
#1672=DIRECTION('',(0.,-1.,0.));
#1673=DIRECTION('',(0.,0.,-1.));
#1674=DIRECTION('',(0.,0.,1.));
#1675=DIRECTION('',(0.,1.,0.));
#1676=DIRECTION('',(0.,0.,1.));
#1677=DIRECTION('',(0.,0.,-1.));
#1678=DIRECTION('',(-1.,0.,0.));
#1679=DIRECTION('',(0.,1.,0.));
#1680=DIRECTION('',(0.,0.,1.));
#1681=DIRECTION('',(-1.,0.,0.));
#1682=DIRECTION('',(0.,0.,-1.));
#1683=DIRECTION('',(0.,0.,1.));
#1684=DIRECTION('',(1.,0.,0.));
#1685=DIRECTION('',(0.,1.,0.));
#1686=DIRECTION('',(1.,0.,0.));
#1687=DIRECTION('',(0.,1.,0.));
#1688=DIRECTION('',(0.,0.,1.));
#1689=DIRECTION('',(1.,0.,0.));
#1690=DIRECTION('',(0.,0.,1.));
#1691=DIRECTION('',(1.,0.,0.));
#1692=DIRECTION('',(1.,0.,0.));
#1693=DIRECTION('',(0.,1.,0.));
#1694=DIRECTION('',(1.,0.,0.));
#1695=DIRECTION('',(0.,1.,0.));
#1696=DIRECTION('',(1.,0.,0.));
#1697=DIRECTION('',(0.,0.,-1.));
#1698=DIRECTION('',(0.,0.,-1.));
#1699=DIRECTION('',(0.,1.,0.));
#1700=DIRECTION('',(0.,0.,-1.));
#1701=DIRECTION('',(0.,0.,1.));
#1702=DIRECTION('',(1.,0.,0.));
#1703=DIRECTION('',(1.,0.,0.));
#1704=DIRECTION('',(0.,1.,0.));
#1705=DIRECTION('',(1.,0.,0.));
#1706=DIRECTION('',(1.,0.,0.));
#1707=DIRECTION('',(0.,0.,-1.));
#1708=DIRECTION('',(0.,0.,-1.));
#1709=DIRECTION('',(0.,0.,-1.));
#1710=DIRECTION('',(0.,-1.,0.));
#1711=DIRECTION('',(1.,0.,0.));
#1712=DIRECTION('',(0.,-1.,0.));
#1713=DIRECTION('',(1.,0.,0.));
#1714=DIRECTION('',(0.,0.,1.));
#1715=DIRECTION('',(1.,0.,0.));
#1716=DIRECTION('',(1.,0.,0.));
#1717=DIRECTION('',(0.,0.,-1.));
#1718=DIRECTION('',(0.,-1.,0.));
#1719=DIRECTION('',(0.,0.,-1.));
#1720=DIRECTION('',(8.15477013034109E-16,-1.,0.));
#1721=DIRECTION('',(0.,0.,-1.));
#1722=DIRECTION('',(0.,-1.,0.));
#1723=DIRECTION('',(0.,0.,-1.));
#1724=DIRECTION('',(0.,-1.,0.));
#1725=DIRECTION('',(0.,0.,-1.));
#1726=DIRECTION('',(1.,0.,0.));
#1727=DIRECTION('',(0.,0.,-1.));
#1728=DIRECTION('',(0.,-1.,0.));
#1729=DIRECTION('',(0.,0.,-1.));
#1730=DIRECTION('',(0.,-1.,0.));
#1731=DIRECTION('',(0.,0.,-1.));
#1732=DIRECTION('',(0.,-1.,0.));
#1733=DIRECTION('',(0.,0.,-1.));
#1734=DIRECTION('',(0.,1.,0.));
#1735=DIRECTION('',(0.,0.,1.));
#1736=DIRECTION('',(1.,0.,0.));
#1737=DIRECTION('',(0.,0.,-1.));
#1738=DIRECTION('',(1.,0.,0.));
#1739=DIRECTION('',(1.,0.,0.));
#1740=DIRECTION('',(0.,0.,-1.));
#1741=DIRECTION('',(0.,-1.,0.));
#1742=DIRECTION('',(0.,0.,-1.));
#1743=DIRECTION('',(0.,-1.,0.));
#1744=DIRECTION('',(0.,1.,0.));
#1745=DIRECTION('',(0.,0.,1.));
#1746=DIRECTION('',(1.,0.,0.));
#1747=DIRECTION('',(0.,0.,-1.));
#1748=DIRECTION('',(1.,0.,0.));
#1749=DIRECTION('',(1.,0.,0.));
#1750=DIRECTION('',(0.,0.,-1.));
#1751=DIRECTION('',(0.,-1.,0.));
#1752=DIRECTION('',(0.,0.,-1.));
#1753=DIRECTION('',(0.,-1.,0.));
#1754=DIRECTION('',(0.,0.,-1.));
#1755=DIRECTION('',(0.,-1.,0.));
#1756=DIRECTION('',(0.,0.,1.));
#1757=DIRECTION('',(1.,0.,0.));
#1758=DIRECTION('',(-1.,0.,0.));
#1759=DIRECTION('',(-1.,0.,0.));
#1760=DIRECTION('',(0.,0.,1.));
#1761=DIRECTION('',(1.,0.,0.));
#1762=DIRECTION('',(-1.,0.,0.));
#1763=DIRECTION('',(-1.,0.,0.));
#1764=DIRECTION('',(0.,-1.,0.));
#1765=DIRECTION('',(0.,0.,-1.));
#1766=DIRECTION('',(-1.,0.,0.));
#1767=DIRECTION('',(0.,-1.,0.));
#1768=DIRECTION('',(0.,0.,-1.));
#1769=DIRECTION('',(-1.,0.,0.));
#1770=DIRECTION('',(0.,0.,1.));
#1771=DIRECTION('',(1.,0.,0.));
#1772=DIRECTION('',(0.,-1.,0.));
#1773=DIRECTION('',(0.,0.,-1.));
#1774=DIRECTION('',(-1.,0.,0.));
#1775=DIRECTION('',(0.,-1.,0.));
#1776=DIRECTION('',(0.,0.,-1.));
#1777=DIRECTION('',(-1.,0.,0.));
#1778=DIRECTION('',(0.,0.,1.));
#1779=DIRECTION('',(1.,0.,0.));
#1780=DIRECTION('',(0.,0.,1.));
#1781=DIRECTION('',(1.,0.,0.));
#1782=DIRECTION('',(0.,0.,1.));
#1783=DIRECTION('',(1.,0.,0.));
#1784=DIRECTION('',(0.,1.,0.));
#1785=DIRECTION('',(-1.,0.,0.));
#1786=DIRECTION('',(0.,1.,0.));
#1787=DIRECTION('',(-1.,0.,0.));
#1788=DIRECTION('',(0.,1.,0.));
#1789=DIRECTION('',(-1.,0.,0.));
#1790=DIRECTION('',(0.,1.,0.));
#1791=DIRECTION('',(-1.,0.,0.));
#1792=DIRECTION('',(0.,0.,1.));
#1793=DIRECTION('',(1.,0.,0.));
#1794=DIRECTION('',(0.,1.,0.));
#1795=DIRECTION('',(-1.,0.,0.));
#1796=DIRECTION('',(0.,1.,0.));
#1797=DIRECTION('',(-1.,0.,0.));
#1798=DIRECTION('',(0.,1.,0.));
#1799=DIRECTION('',(-1.,0.,0.));
#1800=DIRECTION('',(0.,-1.,0.));
#1801=DIRECTION('',(0.,0.,-1.));
#1802=DIRECTION('',(0.,0.,1.));
#1803=DIRECTION('',(-1.,0.,0.));
#1804=DIRECTION('',(0.,0.,1.));
#1805=DIRECTION('',(0.,-2.54836566573159E-17,1.));
#1806=DIRECTION('',(0.,-1.,-2.54836566573159E-17));
#1807=DIRECTION('',(0.,1.,2.54836566573159E-17));
#1808=DIRECTION('',(-1.,0.,0.));
#1809=DIRECTION('',(0.,1.,2.54836566573159E-17));
#1810=DIRECTION('',(0.,1.,0.));
#1811=DIRECTION('',(0.,0.,1.));
#1812=DIRECTION('',(0.,0.,-1.));
#1813=DIRECTION('',(-1.,0.,0.));
#1814=DIRECTION('',(0.,0.,-1.));
#1815=DIRECTION('',(0.,0.,1.));
#1816=DIRECTION('',(1.,0.,0.));
#1817=DIRECTION('',(0.,1.,0.));
#1818=DIRECTION('',(-1.,0.,0.));
#1819=DIRECTION('',(0.,1.,0.));
#1820=DIRECTION('',(-1.,0.,0.));
#1821=DIRECTION('',(0.,1.,0.));
#1822=DIRECTION('',(1.,0.,0.));
#1823=DIRECTION('',(0.,1.,0.));
#1824=DIRECTION('',(0.,0.,-1.));
#1825=DIRECTION('',(0.,0.,-1.));
#1826=DIRECTION('',(1.,0.,0.));
#1827=DIRECTION('',(0.,1.,0.));
#1828=DIRECTION('',(0.,0.,-1.));
#1829=DIRECTION('',(0.,0.,-1.));
#1830=DIRECTION('',(0.,1.,0.));
#1831=DIRECTION('',(0.,0.,1.));
#1832=DIRECTION('',(0.,0.,-1.));
#1833=DIRECTION('',(0.,1.,0.));
#1834=DIRECTION('',(0.,0.,1.));
#1835=DIRECTION('',(0.,0.,-1.));
#1836=DIRECTION('',(1.,0.,0.));
#1837=DIRECTION('',(0.,1.,0.));
#1838=DIRECTION('',(0.,1.,0.));
#1839=DIRECTION('',(0.,0.,1.));
#1840=DIRECTION('',(0.,0.,-1.));
#1841=DIRECTION('',(0.,1.,0.));
#1842=DIRECTION('',(0.,0.,1.));
#1843=DIRECTION('',(0.,0.,-1.));
#1844=DIRECTION('',(1.,0.,0.));
#1845=DIRECTION('',(0.,1.,0.));
#1846=DIRECTION('',(0.,0.,1.));
#1847=DIRECTION('',(1.,0.,0.));
#1848=DIRECTION('',(0.,-1.,-2.03869253258527E-16));
#1849=DIRECTION('',(0.,2.03869253258527E-16,-1.));
#1850=DIRECTION('',(0.,-2.03869253258527E-16,1.));
#1851=DIRECTION('',(-1.,0.,0.));
#1852=DIRECTION('',(0.,-2.03869253258527E-16,1.));
#1853=DIRECTION('',(-1.,0.,0.));
#1854=DIRECTION('',(0.,1.01934626629263E-16,-1.));
#1855=DIRECTION('',(0.,1.,1.01934626629263E-16));
#1856=DIRECTION('',(0.,-1.,-1.01934626629263E-16));
#1857=DIRECTION('',(-1.,0.,0.));
#1858=DIRECTION('',(0.,-1.,-1.01934626629263E-16));
#1859=DIRECTION('',(0.,-1.,0.));
#1860=DIRECTION('',(0.,0.,-1.));
#1861=DIRECTION('',(0.,0.,1.));
#1862=DIRECTION('',(-1.,0.,0.));
#1863=DIRECTION('',(0.,0.,1.));
#1864=DIRECTION('',(0.,0.,-1.));
#1865=DIRECTION('',(-1.,0.,0.));
#1866=DIRECTION('',(0.,-1.,0.));
#1867=DIRECTION('',(-1.,0.,0.));
#1868=DIRECTION('',(0.,-1.,0.));
#1869=DIRECTION('',(0.,-1.,0.));
#1870=DIRECTION('',(0.,0.,-1.));
#1871=DIRECTION('',(0.,0.,1.));
#1872=DIRECTION('',(-1.,0.,0.));
#1873=DIRECTION('',(0.,0.,1.));
#1874=DIRECTION('',(0.,2.03869253258527E-16,-1.));
#1875=DIRECTION('',(0.,1.,2.03869253258527E-16));
#1876=DIRECTION('',(0.,-1.,-2.03869253258527E-16));
#1877=DIRECTION('',(-1.,0.,0.));
#1878=DIRECTION('',(0.,-1.,-2.03869253258527E-16));
#1879=DIRECTION('',(0.,-1.,0.));
#1880=DIRECTION('',(0.,0.,-1.));
#1881=DIRECTION('',(0.,0.,1.));
#1882=DIRECTION('',(-1.,0.,0.));
#1883=DIRECTION('',(0.,0.,1.));
#1884=DIRECTION('',(0.,0.,1.));
#1885=DIRECTION('',(1.,0.,0.));
#1886=DIRECTION('',(0.,1.,0.));
#1887=DIRECTION('',(-1.,0.,0.));
#1888=DIRECTION('',(0.,1.,0.));
#1889=DIRECTION('',(0.,-1.,0.));
#1890=DIRECTION('',(0.,0.,-1.));
#1891=DIRECTION('',(0.,0.,1.));
#1892=DIRECTION('',(-1.,0.,0.));
#1893=DIRECTION('',(0.,0.,1.));
#1894=DIRECTION('',(0.,0.,-1.));
#1895=DIRECTION('',(-1.,0.,0.));
#1896=DIRECTION('',(0.,-1.,0.));
#1897=DIRECTION('',(-1.,0.,0.));
#1898=DIRECTION('',(0.,-1.,0.));
#1899=DIRECTION('',(0.,-1.,0.));
#1900=DIRECTION('',(0.,0.,-1.));
#1901=DIRECTION('',(0.,0.,1.));
#1902=DIRECTION('',(-1.,0.,0.));
#1903=DIRECTION('',(0.,0.,1.));
#1904=DIRECTION('',(0.,0.,-1.));
#1905=DIRECTION('',(-1.,0.,0.));
#1906=DIRECTION('',(0.,-1.,0.));
#1907=DIRECTION('',(0.,-1.,0.));
#1908=DIRECTION('',(1.,0.,0.));
#1909=DIRECTION('',(0.,1.,0.));
#1910=DIRECTION('',(1.,0.,0.));
#1911=DIRECTION('',(0.,1.,0.));
#1912=DIRECTION('',(0.,0.,1.));
#1913=DIRECTION('',(1.,0.,0.));
#1914=DIRECTION('',(1.,0.,0.));
#1915=DIRECTION('',(0.,0.,-1.));
#1916=DIRECTION('',(0.,-1.,0.));
#1917=DIRECTION('',(0.,0.,-1.));
#1918=DIRECTION('',(0.,-1.,0.));
#1919=DIRECTION('',(0.,0.,-1.));
#1920=DIRECTION('',(0.,-1.,0.));
#1921=DIRECTION('',(0.,0.,-1.));
#1922=DIRECTION('',(1.,0.,0.));
#1923=DIRECTION('',(0.,0.,-1.));
#1924=DIRECTION('',(0.,-1.,0.));
#1925=DIRECTION('',(0.,0.,-1.));
#1926=DIRECTION('',(0.,-1.,0.));
#1927=DIRECTION('',(0.,0.,-1.));
#1928=DIRECTION('',(0.,-1.,0.));
#1929=DIRECTION('',(0.,0.,-1.));
#1930=DIRECTION('',(0.,-1.,0.));
#1931=DIRECTION('',(0.,0.,-1.));
#1932=DIRECTION('',(1.,0.,0.));
#1933=DIRECTION('',(0.,0.,-1.));
#1934=DIRECTION('',(0.,-1.,0.));
#1935=DIRECTION('',(0.,0.,-1.));
#1936=DIRECTION('',(0.,-1.,0.));
#1937=DIRECTION('',(0.,0.,-1.));
#1938=DIRECTION('',(6.37091416432897E-17,-1.,0.));
#1939=DIRECTION('',(0.,0.,-1.));
#1940=DIRECTION('',(0.,-1.,0.));
#1941=DIRECTION('',(0.,0.,-1.));
#1942=DIRECTION('',(-1.,0.,0.));
#1943=DIRECTION('',(-1.,0.,0.));
#1944=DIRECTION('',(0.,0.,1.));
#1945=DIRECTION('',(1.,0.,0.));
#1946=DIRECTION('',(1.,0.,0.));
#1947=DIRECTION('',(1.,0.,0.));
#1948=DIRECTION('',(0.,0.,1.));
#1949=DIRECTION('',(1.,0.,0.));
#1950=DIRECTION('',(1.,0.,0.));
#1951=DIRECTION('',(1.,0.,0.));
#1952=DIRECTION('',(0.,-1.,0.));
#1953=DIRECTION('',(-1.,0.,0.));
#1954=DIRECTION('',(0.,1.,0.));
#1955=DIRECTION('',(0.,0.,1.));
#1956=DIRECTION('',(1.,0.,0.));
#1957=DIRECTION('',(0.,1.,0.));
#1958=DIRECTION('',(0.,0.,1.));
#1959=DIRECTION('',(1.,0.,0.));
#1960=DIRECTION('',(0.,0.,1.));
#1961=DIRECTION('',(1.,0.,0.));
#1962=DIRECTION('',(0.,1.,0.));
#1963=DIRECTION('',(0.,0.,1.));
#1964=DIRECTION('',(1.,0.,0.));
#1965=DIRECTION('',(0.,-1.,0.));
#1966=DIRECTION('',(0.,0.,-1.));
#1967=DIRECTION('',(0.,0.,-1.));
#1968=DIRECTION('',(-1.,0.,0.));
#1969=DIRECTION('',(1.,0.,0.));
#1970=DIRECTION('',(0.,0.,-1.));
#1971=DIRECTION('',(0.,0.,-1.));
#1972=DIRECTION('',(0.,-1.,0.));
#1973=DIRECTION('',(0.,1.,0.));
#1974=DIRECTION('',(0.,0.,1.));
#1975=DIRECTION('',(1.,0.,0.));
#1976=DIRECTION('',(0.,0.,1.));
#1977=DIRECTION('',(1.,0.,0.));
#1978=CARTESIAN_POINT('',(0.,0.,0.));
#1979=CARTESIAN_POINT('',(0.017018,-0.400068561805725,-0.0222595762461424));
#1980=CARTESIAN_POINT('',(0.,-0.400068561805725,-0.0222595762461424));
#1981=CARTESIAN_POINT('',(0.,-0.451122561805725,-0.0222595762461424));
#1982=CARTESIAN_POINT('',(0.,-0.349014561805725,-0.0222595762461424));
#1983=CARTESIAN_POINT('',(0.034036,-0.349014561805725,-0.0222595762461424));
#1984=CARTESIAN_POINT('',(0.034036,-0.349014561805725,-0.0222595762461424));
#1985=CARTESIAN_POINT('',(0.034036,-0.374541561805725,-0.0222595762461424));
#1986=CARTESIAN_POINT('',(0.034036,-0.383050561805725,-0.0222595762461424));
#1987=CARTESIAN_POINT('',(0.034036,-0.383050561805725,-0.0222595762461424));
#1988=CARTESIAN_POINT('',(0.017018,-0.383050561805725,-0.0222595762461424));
#1989=CARTESIAN_POINT('',(0.017018,-0.400068561805725,-0.0222595762461424));
#1990=CARTESIAN_POINT('',(0.017018,-0.417086561805725,-0.0222595762461424));
#1991=CARTESIAN_POINT('',(0.034036,-0.417086561805725,-0.0222595762461424));
#1992=CARTESIAN_POINT('',(0.034036,-0.417086561805725,-0.0222595762461424));
#1993=CARTESIAN_POINT('',(0.034036,-0.442613561805725,-0.0222595762461424));
#1994=CARTESIAN_POINT('',(0.034036,-0.451122561805725,-0.0222595762461424));
#1995=CARTESIAN_POINT('',(0.034036,-0.451122561805725,-0.0222595762461424));
#1996=CARTESIAN_POINT('',(0.017018,-0.391559561805725,-0.00524157624614239));
#1997=CARTESIAN_POINT('',(0.,-0.391559561805725,-0.00524157624614239));
#1998=CARTESIAN_POINT('',(0.,-0.400068561805725,-0.00524157624614239));
#1999=CARTESIAN_POINT('',(0.,-0.366032561805725,-0.0052415762461424));
#2000=CARTESIAN_POINT('',(0.017018,-0.400068561805725,-0.00524157624614239));
#2001=CARTESIAN_POINT('',(0.017018,-0.400068561805725,-0.00524157624614239));
#2002=CARTESIAN_POINT('',(0.017018,-0.391559561805725,-0.00524157624614239));
#2003=CARTESIAN_POINT('',(0.017018,-0.383050561805725,-0.00524157624614239));
#2004=CARTESIAN_POINT('',(0.034036,-0.383050561805725,-0.00524157624614239));
#2005=CARTESIAN_POINT('',(0.034036,-0.383050561805725,-0.00524157624614239));
#2006=CARTESIAN_POINT('',(0.034036,-0.374541561805725,-0.00524157624614239));
#2007=CARTESIAN_POINT('',(0.034036,-0.366032561805725,-0.0052415762461424));
#2008=CARTESIAN_POINT('',(0.034036,-0.366032561805725,-0.0052415762461424));
#2009=CARTESIAN_POINT('',(0.017018,-0.400068561805725,0.00326742375385761));
#2010=CARTESIAN_POINT('',(0.,-0.400068561805725,0.00326742375385761));
#2011=CARTESIAN_POINT('',(0.,-0.400068561805725,0.0117764237538576));
#2012=CARTESIAN_POINT('',(0.017018,-0.400068561805725,0.0117764237538576));
#2013=CARTESIAN_POINT('',(0.017018,-0.400068561805725,0.0117764237538576));
#2014=CARTESIAN_POINT('',(0.017018,-0.400068561805725,0.00326742375385761));
#2015=CARTESIAN_POINT('',(0.017018,-0.417086561805725,0.0117764237538576));
#2016=CARTESIAN_POINT('',(0.,-0.417086561805725,0.0117764237538576));
#2017=CARTESIAN_POINT('',(0.,-0.451122561805725,0.0117764237538576));
#2018=CARTESIAN_POINT('',(0.034036,-0.451122561805725,0.0117764237538576));
#2019=CARTESIAN_POINT('',(0.034036,-0.451122561805725,0.0117764237538576));
#2020=CARTESIAN_POINT('',(0.034036,-0.442613561805725,0.0117764237538576));
#2021=CARTESIAN_POINT('',(0.034036,-0.434104561805725,0.0117764237538576));
#2022=CARTESIAN_POINT('',(0.034036,-0.434104561805725,0.0117764237538576));
#2023=CARTESIAN_POINT('',(0.017018,-0.434104561805725,0.0117764237538576));
#2024=CARTESIAN_POINT('',(0.017018,-0.417086561805725,0.0117764237538576));
#2025=CARTESIAN_POINT('',(0.017018,-0.400068561805725,-0.00524157624614239));
#2026=CARTESIAN_POINT('',(0.017018,-0.417086561805725,-0.0137505762461424));
#2027=CARTESIAN_POINT('',(0.017018,-0.417086561805725,-0.00524157624614239));
#2028=CARTESIAN_POINT('',(0.017018,-0.383050561805725,-0.0137505762461424));
#2029=CARTESIAN_POINT('',(0.017018,-0.434104561805725,0.00326742375385761));
#2030=CARTESIAN_POINT('',(0.017018,-0.434104561805725,-0.00524157624614239));
#2031=CARTESIAN_POINT('',(0.017018,-0.425595561805725,-0.00524157624614239));
#2032=CARTESIAN_POINT('',(0.,-0.400068561805725,-0.00524157624614239));
#2033=CARTESIAN_POINT('',(0.,-0.451122561805725,-0.0052415762461424));
#2034=CARTESIAN_POINT('',(0.,-0.366032561805725,0.00326742375385761));
#2035=CARTESIAN_POINT('',(0.,-0.366032561805725,0.0117764237538576));
#2036=CARTESIAN_POINT('',(0.,-0.357523561805725,0.0117764237538576));
#2037=CARTESIAN_POINT('',(0.,-0.349014561805725,0.0117764237538576));
#2038=CARTESIAN_POINT('',(0.,-0.349014561805725,-0.00524157624614239));
#2039=CARTESIAN_POINT('',(0.034036,-0.434104561805725,0.00326742375385761));
#2040=CARTESIAN_POINT('',(0.034036,-0.434104561805725,0.00326742375385761));
#2041=CARTESIAN_POINT('',(0.034036,-0.434104561805725,-0.00524157624614239));
#2042=CARTESIAN_POINT('',(0.034036,-0.434104561805725,-0.00524157624614239));
#2043=CARTESIAN_POINT('',(0.034036,-0.451122561805725,-0.0052415762461424));
#2044=CARTESIAN_POINT('',(0.034036,-0.451122561805725,-0.0052415762461424));
#2045=CARTESIAN_POINT('',(0.034036,-0.417086561805725,-0.0137505762461424));
#2046=CARTESIAN_POINT('',(0.034036,-0.417086561805725,-0.00524157624614239));
#2047=CARTESIAN_POINT('',(0.034036,-0.417086561805725,-0.00524157624614239));
#2048=CARTESIAN_POINT('',(0.034036,-0.417086561805725,-0.0137505762461424));
#2049=CARTESIAN_POINT('',(0.034036,-0.425595561805725,-0.00524157624614239));
#2050=CARTESIAN_POINT('',(0.034036,-0.425595561805725,-0.00524157624614239));
#2051=CARTESIAN_POINT('',(0.034036,-0.400068561805725,-0.00524157624614239));
#2052=CARTESIAN_POINT('',(0.034036,-0.383050561805725,-0.0137505762461424));
#2053=CARTESIAN_POINT('',(0.034036,-0.383050561805725,-0.0137505762461424));
#2054=CARTESIAN_POINT('',(0.034036,-0.366032561805725,0.00326742375385761));
#2055=CARTESIAN_POINT('',(0.034036,-0.366032561805725,0.00326742375385761));
#2056=CARTESIAN_POINT('',(0.034036,-0.366032561805725,0.0117764237538576));
#2057=CARTESIAN_POINT('',(0.034036,-0.366032561805725,0.0117764237538576));
#2058=CARTESIAN_POINT('',(0.034036,-0.349014561805725,-0.00524157624614239));
#2059=CARTESIAN_POINT('',(0.034036,-0.349014561805725,0.0117764237538576));
#2060=CARTESIAN_POINT('',(0.034036,-0.349014561805725,0.0117764237538576));
#2061=CARTESIAN_POINT('',(0.034036,-0.349014561805725,-0.00524157624614239));
#2062=CARTESIAN_POINT('',(0.034036,-0.357523561805725,0.0117764237538576));
#2063=CARTESIAN_POINT('',(0.034036,-0.357523561805725,0.0117764237538576));
#2064=CARTESIAN_POINT('',(0.034036,-0.400068561805725,-0.00524157624614239));
#2065=CARTESIAN_POINT('',(0.,0.,0.));
#2066=CARTESIAN_POINT('',(-0.0479758627347946,-0.102108,0.0189876293033957));
#2067=CARTESIAN_POINT('',(-0.0479758627347946,0.,0.0189876293033957));
#2068=CARTESIAN_POINT('',(-0.0649938627347946,0.,0.0189876293033957));
#2069=CARTESIAN_POINT('',(-0.0309578627347946,0.,0.0189876293033957));
#2070=CARTESIAN_POINT('',(-0.0649938627347946,-0.102108,0.0189876293033957));
#2071=CARTESIAN_POINT('',(-0.0649938627347946,-0.102108,0.0189876293033957));
#2072=CARTESIAN_POINT('',(-0.0479758627347946,-0.102108,0.0189876293033957));
#2073=CARTESIAN_POINT('',(-0.0309578627347946,-0.102108,0.0189876293033957));
#2074=CARTESIAN_POINT('',(-0.0309578627347946,-0.102108,0.0189876293033957));
#2075=CARTESIAN_POINT('',(-0.0649938627347946,-0.102108,0.00196962930339575));
#2076=CARTESIAN_POINT('',(-0.0649938627347946,0.,0.00196962930339575));
#2077=CARTESIAN_POINT('',(-0.0649938627347946,0.,-0.0150483706966043));
#2078=CARTESIAN_POINT('',(-0.0649938627347946,-0.102108,-0.0150483706966043));
#2079=CARTESIAN_POINT('',(-0.0649938627347946,-0.102108,-0.0150483706966043));
#2080=CARTESIAN_POINT('',(-0.0649938627347946,-0.102108,0.00196962930339575));
#2081=CARTESIAN_POINT('',(-0.0479758627347946,-0.102108,-0.0150483706966043));
#2082=CARTESIAN_POINT('',(-0.0479758627347946,0.,-0.0150483706966043));
#2083=CARTESIAN_POINT('',(-0.0309578627347946,0.,-0.0150483706966043));
#2084=CARTESIAN_POINT('',(-0.0309578627347946,-0.102108,-0.0150483706966043));
#2085=CARTESIAN_POINT('',(-0.0309578627347946,-0.102108,-0.0150483706966043));
#2086=CARTESIAN_POINT('',(-0.0479758627347946,-0.102108,-0.0150483706966043));
#2087=CARTESIAN_POINT('',(-0.0309578627347946,-0.102108,0.00196962930339575));
#2088=CARTESIAN_POINT('',(-0.0309578627347946,0.,0.00196962930339575));
#2089=CARTESIAN_POINT('',(-0.0309578627347946,-0.102108,0.00196962930339575));
#2090=CARTESIAN_POINT('',(-0.0479758627347946,-0.102108,0.00196962930339575));
#2091=CARTESIAN_POINT('',(-0.0479758627347946,0.,0.00196962930339575));
#2092=CARTESIAN_POINT('',(0.,0.,0.));
#2093=CARTESIAN_POINT('',(0.0853677510485649,-0.14614522542572,0.017018));
#2094=CARTESIAN_POINT('',(0.0853677510485649,-0.14614522542572,0.));
#2095=CARTESIAN_POINT('',(0.0853677510485649,-0.0950912254257202,0.));
#2096=CARTESIAN_POINT('',(0.0853677510485649,-0.19719922542572,0.));
#2097=CARTESIAN_POINT('',(0.0853677510485649,-0.0950912254257202,0.034036));
#2098=CARTESIAN_POINT('',(0.0853677510485649,-0.0950912254257202,0.034036));
#2099=CARTESIAN_POINT('',(0.0853677510485649,-0.10360022542572,0.034036));
#2100=CARTESIAN_POINT('',(0.0853677510485649,-0.11210922542572,0.034036));
#2101=CARTESIAN_POINT('',(0.0853677510485649,-0.11210922542572,0.034036));
#2102=CARTESIAN_POINT('',(0.0853677510485649,-0.11210922542572,0.017018));
#2103=CARTESIAN_POINT('',(0.0853677510485649,-0.14614522542572,0.017018));
#2104=CARTESIAN_POINT('',(0.0853677510485649,-0.18018122542572,0.017018));
#2105=CARTESIAN_POINT('',(0.0853677510485649,-0.18018122542572,0.034036));
#2106=CARTESIAN_POINT('',(0.0853677510485649,-0.18018122542572,0.034036));
#2107=CARTESIAN_POINT('',(0.0853677510485649,-0.18869022542572,0.034036));
#2108=CARTESIAN_POINT('',(0.0853677510485649,-0.19719922542572,0.034036));
#2109=CARTESIAN_POINT('',(0.0853677510485649,-0.19719922542572,0.034036));
#2110=CARTESIAN_POINT('',(0.0513317510485649,-0.12912722542572,0.017018));
#2111=CARTESIAN_POINT('',(0.0513317510485649,-0.12912722542572,0.));
#2112=CARTESIAN_POINT('',(0.0513317510485649,-0.0950912254257202,0.));
#2113=CARTESIAN_POINT('',(0.0513317510485649,-0.14614522542572,0.));
#2114=CARTESIAN_POINT('',(0.0513317510485649,-0.14614522542572,0.017018));
#2115=CARTESIAN_POINT('',(0.0513317510485649,-0.14614522542572,0.017018));
#2116=CARTESIAN_POINT('',(0.0513317510485649,-0.12912722542572,0.017018));
#2117=CARTESIAN_POINT('',(0.0513317510485649,-0.11210922542572,0.017018));
#2118=CARTESIAN_POINT('',(0.0513317510485649,-0.11210922542572,0.034036));
#2119=CARTESIAN_POINT('',(0.0513317510485649,-0.11210922542572,0.034036));
#2120=CARTESIAN_POINT('',(0.0513317510485649,-0.10360022542572,0.034036));
#2121=CARTESIAN_POINT('',(0.0513317510485649,-0.0950912254257202,0.034036));
#2122=CARTESIAN_POINT('',(0.0513317510485649,-0.0950912254257202,0.034036));
#2123=CARTESIAN_POINT('',(0.0598407510485649,-0.14614522542572,0.017018));
#2124=CARTESIAN_POINT('',(0.0598407510485649,-0.14614522542572,0.));
#2125=CARTESIAN_POINT('',(0.0683497510485649,-0.14614522542572,0.));
#2126=CARTESIAN_POINT('',(0.0683497510485649,-0.14614522542572,0.017018));
#2127=CARTESIAN_POINT('',(0.0683497510485649,-0.14614522542572,0.017018));
#2128=CARTESIAN_POINT('',(0.0598407510485649,-0.14614522542572,0.017018));
#2129=CARTESIAN_POINT('',(0.0683497510485649,-0.15465422542572,0.017018));
#2130=CARTESIAN_POINT('',(0.0683497510485649,-0.15465422542572,0.));
#2131=CARTESIAN_POINT('',(0.0683497510485649,-0.16316322542572,0.));
#2132=CARTESIAN_POINT('',(0.0683497510485649,-0.16316322542572,0.017018));
#2133=CARTESIAN_POINT('',(0.0683497510485649,-0.16316322542572,0.017018));
#2134=CARTESIAN_POINT('',(0.0683497510485649,-0.15465422542572,0.017018));
#2135=CARTESIAN_POINT('',(0.0598407510485649,-0.16316322542572,0.017018));
#2136=CARTESIAN_POINT('',(0.0598407510485649,-0.16316322542572,0.));
#2137=CARTESIAN_POINT('',(0.0513317510485649,-0.16316322542572,0.));
#2138=CARTESIAN_POINT('',(0.0513317510485649,-0.16316322542572,0.017018));
#2139=CARTESIAN_POINT('',(0.0513317510485649,-0.16316322542572,0.017018));
#2140=CARTESIAN_POINT('',(0.0598407510485649,-0.16316322542572,0.017018));
#2141=CARTESIAN_POINT('',(0.0513317510485649,-0.17167222542572,0.017018));
#2142=CARTESIAN_POINT('',(0.0513317510485649,-0.17167222542572,0.));
#2143=CARTESIAN_POINT('',(0.0513317510485649,-0.19719922542572,0.));
#2144=CARTESIAN_POINT('',(0.0513317510485649,-0.19719922542572,0.034036));
#2145=CARTESIAN_POINT('',(0.0513317510485649,-0.19719922542572,0.034036));
#2146=CARTESIAN_POINT('',(0.0513317510485649,-0.18869022542572,0.034036));
#2147=CARTESIAN_POINT('',(0.0513317510485649,-0.18018122542572,0.034036));
#2148=CARTESIAN_POINT('',(0.0513317510485649,-0.18018122542572,0.034036));
#2149=CARTESIAN_POINT('',(0.0513317510485649,-0.18018122542572,0.017018));
#2150=CARTESIAN_POINT('',(0.0513317510485649,-0.17167222542572,0.017018));
#2151=CARTESIAN_POINT('',(0.0683497510485649,-0.14614522542572,0.017018));
#2152=CARTESIAN_POINT('',(0.0683497510485649,-0.11210922542572,0.017018));
#2153=CARTESIAN_POINT('',(0.0683497510485649,-0.18018122542572,0.017018));
#2154=CARTESIAN_POINT('',(0.0683497510485649,-0.14614522542572,0.));
#2155=CARTESIAN_POINT('',(0.0683497510485649,-0.19719922542572,0.));
#2156=CARTESIAN_POINT('',(0.0683497510485649,-0.0950912254257202,0.));
#2157=CARTESIAN_POINT('',(0.0683497510485649,-0.18018122542572,0.034036));
#2158=CARTESIAN_POINT('',(0.0683497510485649,-0.18018122542572,0.034036));
#2159=CARTESIAN_POINT('',(0.0683497510485649,-0.19719922542572,0.034036));
#2160=CARTESIAN_POINT('',(0.0683497510485649,-0.19719922542572,0.034036));
#2161=CARTESIAN_POINT('',(0.0683497510485649,-0.14614522542572,0.034036));
#2162=CARTESIAN_POINT('',(0.0683497510485649,-0.11210922542572,0.034036));
#2163=CARTESIAN_POINT('',(0.0683497510485649,-0.11210922542572,0.034036));
#2164=CARTESIAN_POINT('',(0.0683497510485649,-0.0950912254257202,0.034036));
#2165=CARTESIAN_POINT('',(0.0683497510485649,-0.0950912254257202,0.034036));
#2166=CARTESIAN_POINT('',(0.0683497510485649,-0.14614522542572,0.034036));
#2167=CARTESIAN_POINT('',(0.,0.,0.));
#2168=CARTESIAN_POINT('',(0.017018,-0.544117192996979,0.00942428290998936));
#2169=CARTESIAN_POINT('',(0.,-0.544117192996979,0.00942428290998936));
#2170=CARTESIAN_POINT('',(0.,-0.595171192996979,0.00942428290998936));
#2171=CARTESIAN_POINT('',(0.,-0.493063192996979,0.00942428290998936));
#2172=CARTESIAN_POINT('',(0.034036,-0.595171192996979,0.00942428290998936));
#2173=CARTESIAN_POINT('',(0.034036,-0.595171192996979,0.00942428290998936));
#2174=CARTESIAN_POINT('',(0.034036,-0.586662192996979,0.00942428290998936));
#2175=CARTESIAN_POINT('',(0.034036,-0.578153192996979,0.00942428290998936));
#2176=CARTESIAN_POINT('',(0.034036,-0.578153192996979,0.00942428290998936));
#2177=CARTESIAN_POINT('',(0.017018,-0.578153192996979,0.00942428290998936));
#2178=CARTESIAN_POINT('',(0.017018,-0.544117192996979,0.00942428290998936));
#2179=CARTESIAN_POINT('',(0.017018,-0.510081192996979,0.00942428290998936));
#2180=CARTESIAN_POINT('',(0.034036,-0.510081192996979,0.00942428290998936));
#2181=CARTESIAN_POINT('',(0.034036,-0.510081192996979,0.00942428290998936));
#2182=CARTESIAN_POINT('',(0.034036,-0.501572192996979,0.00942428290998936));
#2183=CARTESIAN_POINT('',(0.034036,-0.493063192996979,0.00942428290998936));
#2184=CARTESIAN_POINT('',(0.034036,-0.493063192996979,0.00942428290998936));
#2185=CARTESIAN_POINT('',(0.017018,-0.569644192996979,-0.0246117170900107));
#2186=CARTESIAN_POINT('',(0.,-0.569644192996979,-0.0246117170900107));
#2187=CARTESIAN_POINT('',(0.,-0.595171192996979,-0.0246117170900107));
#2188=CARTESIAN_POINT('',(0.,-0.561135192996979,-0.0246117170900107));
#2189=CARTESIAN_POINT('',(0.017018,-0.561135192996979,-0.0246117170900107));
#2190=CARTESIAN_POINT('',(0.017018,-0.561135192996979,-0.0246117170900107));
#2191=CARTESIAN_POINT('',(0.017018,-0.569644192996979,-0.0246117170900107));
#2192=CARTESIAN_POINT('',(0.017018,-0.578153192996979,-0.0246117170900107));
#2193=CARTESIAN_POINT('',(0.034036,-0.578153192996979,-0.0246117170900107));
#2194=CARTESIAN_POINT('',(0.034036,-0.578153192996979,-0.0246117170900107));
#2195=CARTESIAN_POINT('',(0.034036,-0.586662192996979,-0.0246117170900107));
#2196=CARTESIAN_POINT('',(0.034036,-0.595171192996979,-0.0246117170900107));
#2197=CARTESIAN_POINT('',(0.034036,-0.595171192996979,-0.0246117170900107));
#2198=CARTESIAN_POINT('',(0.017018,-0.561135192996979,-0.0161027170900107));
#2199=CARTESIAN_POINT('',(0.,-0.561135192996979,-0.0161027170900107));
#2200=CARTESIAN_POINT('',(0.,-0.561135192996979,-0.00759371709001064));
#2201=CARTESIAN_POINT('',(0.017018,-0.561135192996979,-0.00759371709001064));
#2202=CARTESIAN_POINT('',(0.017018,-0.561135192996979,-0.00759371709001064));
#2203=CARTESIAN_POINT('',(0.017018,-0.561135192996979,-0.0161027170900107));
#2204=CARTESIAN_POINT('',(0.017018,-0.544117192996979,-0.00759371709001064));
#2205=CARTESIAN_POINT('',(0.,-0.544117192996979,-0.00759371709001064));
#2206=CARTESIAN_POINT('',(0.,-0.527099192996979,-0.00759371709001064));
#2207=CARTESIAN_POINT('',(0.017018,-0.527099192996979,-0.00759371709001064));
#2208=CARTESIAN_POINT('',(0.017018,-0.527099192996979,-0.00759371709001064));
#2209=CARTESIAN_POINT('',(0.017018,-0.544117192996979,-0.00759371709001064));
#2210=CARTESIAN_POINT('',(0.017018,-0.527099192996979,-0.0161027170900107));
#2211=CARTESIAN_POINT('',(0.,-0.527099192996979,-0.0161027170900107));
#2212=CARTESIAN_POINT('',(0.,-0.527099192996979,-0.0246117170900107));
#2213=CARTESIAN_POINT('',(0.017018,-0.527099192996979,-0.0246117170900107));
#2214=CARTESIAN_POINT('',(0.017018,-0.527099192996979,-0.0246117170900107));
#2215=CARTESIAN_POINT('',(0.017018,-0.527099192996979,-0.0161027170900107));
#2216=CARTESIAN_POINT('',(0.017018,-0.518590192996979,-0.0246117170900107));
#2217=CARTESIAN_POINT('',(0.,-0.518590192996979,-0.0246117170900107));
#2218=CARTESIAN_POINT('',(0.,-0.493063192996979,-0.0246117170900107));
#2219=CARTESIAN_POINT('',(0.034036,-0.493063192996979,-0.0246117170900107));
#2220=CARTESIAN_POINT('',(0.034036,-0.493063192996979,-0.0246117170900107));
#2221=CARTESIAN_POINT('',(0.034036,-0.501572192996979,-0.0246117170900107));
#2222=CARTESIAN_POINT('',(0.034036,-0.510081192996979,-0.0246117170900107));
#2223=CARTESIAN_POINT('',(0.034036,-0.510081192996979,-0.0246117170900107));
#2224=CARTESIAN_POINT('',(0.017018,-0.510081192996979,-0.0246117170900107));
#2225=CARTESIAN_POINT('',(0.017018,-0.518590192996979,-0.0246117170900107));
#2226=CARTESIAN_POINT('',(0.017018,-0.544117192996979,-0.00759371709001064));
#2227=CARTESIAN_POINT('',(0.017018,-0.578153192996979,-0.00759371709001064));
#2228=CARTESIAN_POINT('',(0.017018,-0.510081192996979,-0.00759371709001064));
#2229=CARTESIAN_POINT('',(0.,-0.544117192996979,-0.00759371709001064));
#2230=CARTESIAN_POINT('',(0.,-0.493063192996979,-0.00759371709001064));
#2231=CARTESIAN_POINT('',(0.,-0.595171192996979,-0.00759371709001064));
#2232=CARTESIAN_POINT('',(0.034036,-0.510081192996979,-0.00759371709001064));
#2233=CARTESIAN_POINT('',(0.034036,-0.510081192996979,-0.00759371709001064));
#2234=CARTESIAN_POINT('',(0.034036,-0.493063192996979,-0.00759371709001064));
#2235=CARTESIAN_POINT('',(0.034036,-0.493063192996979,-0.00759371709001064));
#2236=CARTESIAN_POINT('',(0.034036,-0.544117192996979,-0.00759371709001064));
#2237=CARTESIAN_POINT('',(0.034036,-0.578153192996979,-0.00759371709001064));
#2238=CARTESIAN_POINT('',(0.034036,-0.578153192996979,-0.00759371709001064));
#2239=CARTESIAN_POINT('',(0.034036,-0.595171192996979,-0.00759371709001064));
#2240=CARTESIAN_POINT('',(0.034036,-0.595171192996979,-0.00759371709001064));
#2241=CARTESIAN_POINT('',(0.034036,-0.544117192996979,-0.00759371709001064));
#2242=CARTESIAN_POINT('',(0.,0.,0.));
#2243=CARTESIAN_POINT('',(0.034036,-0.017018,0.025527));
#2244=CARTESIAN_POINT('',(0.,-0.017018,0.025527));
#2245=CARTESIAN_POINT('',(0.,-0.017018,0.017018));
#2246=CARTESIAN_POINT('',(0.,-0.017018,0.034036));
#2247=CARTESIAN_POINT('',(0.034036,-0.017018,0.017018));
#2248=CARTESIAN_POINT('',(0.034036,-0.017018,0.017018));
#2249=CARTESIAN_POINT('',(0.034036,-0.017018,0.025527));
#2250=CARTESIAN_POINT('',(0.034036,-0.017018,0.034036));
#2251=CARTESIAN_POINT('',(0.034036,-0.017018,0.034036));
#2252=CARTESIAN_POINT('',(0.034036,-0.034036,0.017018));
#2253=CARTESIAN_POINT('',(0.,-0.034036,0.017018));
#2254=CARTESIAN_POINT('',(0.,-0.051054,0.017018));
#2255=CARTESIAN_POINT('',(0.034036,-0.051054,0.017018));
#2256=CARTESIAN_POINT('',(0.034036,-0.051054,0.017018));
#2257=CARTESIAN_POINT('',(0.034036,-0.034036,0.017018));
#2258=CARTESIAN_POINT('',(0.034036,-0.051054,0.025527));
#2259=CARTESIAN_POINT('',(0.,-0.051054,0.025527));
#2260=CARTESIAN_POINT('',(0.,-0.051054,0.034036));
#2261=CARTESIAN_POINT('',(0.034036,-0.051054,0.034036));
#2262=CARTESIAN_POINT('',(0.034036,-0.051054,0.034036));
#2263=CARTESIAN_POINT('',(0.034036,-0.051054,0.025527));
#2264=CARTESIAN_POINT('',(0.034036,-0.059563,0.034036));
#2265=CARTESIAN_POINT('',(0.,-0.059563,0.034036));
#2266=CARTESIAN_POINT('',(0.,-0.068072,0.034036));
#2267=CARTESIAN_POINT('',(0.034036,-0.068072,0.034036));
#2268=CARTESIAN_POINT('',(0.034036,-0.068072,0.034036));
#2269=CARTESIAN_POINT('',(0.034036,-0.059563,0.034036));
#2270=CARTESIAN_POINT('',(0.034036,-0.068072,0.025527));
#2271=CARTESIAN_POINT('',(0.,-0.068072,0.025527));
#2272=CARTESIAN_POINT('',(0.,-0.068072,0.017018));
#2273=CARTESIAN_POINT('',(0.034036,-0.068072,0.017018));
#2274=CARTESIAN_POINT('',(0.034036,-0.068072,0.017018));
#2275=CARTESIAN_POINT('',(0.034036,-0.068072,0.025527));
#2276=CARTESIAN_POINT('',(0.034036,-0.076581,0.017018));
#2277=CARTESIAN_POINT('',(0.,-0.076581,0.017018));
#2278=CARTESIAN_POINT('',(0.,-0.08509,0.017018));
#2279=CARTESIAN_POINT('',(0.034036,-0.08509,0.017018));
#2280=CARTESIAN_POINT('',(0.034036,-0.08509,0.017018));
#2281=CARTESIAN_POINT('',(0.034036,-0.076581,0.017018));
#2282=CARTESIAN_POINT('',(0.034036,-0.08509,0.025527));
#2283=CARTESIAN_POINT('',(0.,-0.08509,0.025527));
#2284=CARTESIAN_POINT('',(0.,-0.08509,0.034036));
#2285=CARTESIAN_POINT('',(0.034036,-0.08509,0.034036));
#2286=CARTESIAN_POINT('',(0.034036,-0.08509,0.034036));
#2287=CARTESIAN_POINT('',(0.034036,-0.08509,0.025527));
#2288=CARTESIAN_POINT('',(0.034036,-0.093599,0.034036));
#2289=CARTESIAN_POINT('',(0.,-0.093599,0.034036));
#2290=CARTESIAN_POINT('',(0.,-0.102108,0.034036));
#2291=CARTESIAN_POINT('',(0.034036,-0.102108,0.034036));
#2292=CARTESIAN_POINT('',(0.034036,-0.102108,0.034036));
#2293=CARTESIAN_POINT('',(0.034036,-0.093599,0.034036));
#2294=CARTESIAN_POINT('',(0.034036,-0.102108,0.025527));
#2295=CARTESIAN_POINT('',(0.,-0.102108,0.025527));
#2296=CARTESIAN_POINT('',(0.,-0.102108,-8.67361737988404E-18));
#2297=CARTESIAN_POINT('',(0.034036,-0.102108,-8.67361737988404E-18));
#2298=CARTESIAN_POINT('',(0.034036,-0.102108,-8.67361737988404E-18));
#2299=CARTESIAN_POINT('',(0.034036,-0.102108,0.025527));
#2300=CARTESIAN_POINT('',(0.034036,-0.051054,0.));
#2301=CARTESIAN_POINT('',(0.,-0.051054,0.));
#2302=CARTESIAN_POINT('',(0.,0.,0.));
#2303=CARTESIAN_POINT('',(0.034036,0.,0.));
#2304=CARTESIAN_POINT('',(0.034036,0.,0.));
#2305=CARTESIAN_POINT('',(0.034036,-0.051054,0.));
#2306=CARTESIAN_POINT('',(0.034036,-3.46944695195361E-18,0.025527));
#2307=CARTESIAN_POINT('',(0.,-3.46944695195361E-18,0.025527));
#2308=CARTESIAN_POINT('',(0.,-6.07153216591882E-18,0.034036));
#2309=CARTESIAN_POINT('',(0.034036,-6.07153216591882E-18,0.034036));
#2310=CARTESIAN_POINT('',(0.034036,-6.07153216591882E-18,0.034036));
#2311=CARTESIAN_POINT('',(0.034036,-3.46944695195361E-18,0.025527));
#2312=CARTESIAN_POINT('',(0.034036,-0.008509,0.034036));
#2313=CARTESIAN_POINT('',(0.,-0.008509,0.034036));
#2314=CARTESIAN_POINT('',(0.034036,-0.008509,0.034036));
#2315=CARTESIAN_POINT('',(0.034036,-0.051054,0.017018));
#2316=CARTESIAN_POINT('',(0.,-0.051054,0.017018));
#2317=CARTESIAN_POINT('',(0.,0.,0.));
#2318=CARTESIAN_POINT('',(0.0203917339808941,-0.249529084281921,0.017018));
#2319=CARTESIAN_POINT('',(0.0203917339808941,-0.249529084281921,0.));
#2320=CARTESIAN_POINT('',(0.0203917339808941,-0.241020084281921,0.));
#2321=CARTESIAN_POINT('',(0.0203917339808941,-0.275056084281921,0.));
#2322=CARTESIAN_POINT('',(0.0203917339808941,-0.275056084281921,0.034036));
#2323=CARTESIAN_POINT('',(0.0203917339808941,-0.275056084281921,0.034036));
#2324=CARTESIAN_POINT('',(0.0203917339808941,-0.266547084281921,0.034036));
#2325=CARTESIAN_POINT('',(0.0203917339808941,-0.258038084281921,0.034036));
#2326=CARTESIAN_POINT('',(0.0203917339808941,-0.258038084281921,0.034036));
#2327=CARTESIAN_POINT('',(0.0203917339808941,-0.258038084281921,0.017018));
#2328=CARTESIAN_POINT('',(0.0203917339808941,-0.249529084281921,0.017018));
#2329=CARTESIAN_POINT('',(0.0203917339808941,-0.241020084281921,0.017018));
#2330=CARTESIAN_POINT('',(0.0203917339808941,-0.241020084281921,0.017018));
#2331=CARTESIAN_POINT('',(0.0374097339808941,-0.241020084281921,0.017018));
#2332=CARTESIAN_POINT('',(0.0374097339808941,-0.241020084281921,0.));
#2333=CARTESIAN_POINT('',(0.0374097339808941,-0.189966084281921,0.));
#2334=CARTESIAN_POINT('',(0.0374097339808941,-0.292074084281921,0.));
#2335=CARTESIAN_POINT('',(0.0374097339808941,-0.189966084281921,0.034036));
#2336=CARTESIAN_POINT('',(0.0374097339808941,-0.189966084281921,0.034036));
#2337=CARTESIAN_POINT('',(0.0374097339808941,-0.206984084281921,0.034036));
#2338=CARTESIAN_POINT('',(0.0374097339808941,-0.224002084281921,0.034036));
#2339=CARTESIAN_POINT('',(0.0374097339808941,-0.224002084281921,0.034036));
#2340=CARTESIAN_POINT('',(0.0374097339808941,-0.224002084281921,0.017018));
#2341=CARTESIAN_POINT('',(0.0374097339808941,-0.241020084281921,0.017018));
#2342=CARTESIAN_POINT('',(0.0374097339808941,-0.258038084281921,0.017018));
#2343=CARTESIAN_POINT('',(0.0374097339808941,-0.258038084281921,0.034036));
#2344=CARTESIAN_POINT('',(0.0374097339808941,-0.258038084281921,0.034036));
#2345=CARTESIAN_POINT('',(0.0374097339808941,-0.275056084281921,0.034036));
#2346=CARTESIAN_POINT('',(0.0374097339808941,-0.292074084281921,0.034036));
#2347=CARTESIAN_POINT('',(0.0374097339808941,-0.292074084281921,0.034036));
#2348=CARTESIAN_POINT('',(0.00337373398089408,-0.232511084281921,0.017018));
#2349=CARTESIAN_POINT('',(0.00337373398089408,-0.232511084281921,0.));
#2350=CARTESIAN_POINT('',(0.00337373398089408,-0.189966084281921,0.));
#2351=CARTESIAN_POINT('',(0.00337373398089408,-0.241020084281921,0.));
#2352=CARTESIAN_POINT('',(0.00337373398089408,-0.241020084281921,0.017018));
#2353=CARTESIAN_POINT('',(0.00337373398089408,-0.241020084281921,0.017018));
#2354=CARTESIAN_POINT('',(0.00337373398089408,-0.232511084281921,0.017018));
#2355=CARTESIAN_POINT('',(0.00337373398089408,-0.224002084281921,0.017018));
#2356=CARTESIAN_POINT('',(0.00337373398089408,-0.224002084281921,0.034036));
#2357=CARTESIAN_POINT('',(0.00337373398089408,-0.224002084281921,0.034036));
#2358=CARTESIAN_POINT('',(0.00337373398089408,-0.206984084281921,0.034036));
#2359=CARTESIAN_POINT('',(0.00337373398089408,-0.189966084281921,0.034036));
#2360=CARTESIAN_POINT('',(0.00337373398089408,-0.189966084281921,0.034036));
#2361=CARTESIAN_POINT('',(0.0118827339808941,-0.241020084281921,0.017018));
#2362=CARTESIAN_POINT('',(0.0118827339808941,-0.241020084281921,0.));
#2363=CARTESIAN_POINT('',(0.0118827339808941,-0.241020084281921,0.017018));
#2364=CARTESIAN_POINT('',(0.0203917339808941,-0.241020084281921,0.017018));
#2365=CARTESIAN_POINT('',(0.0289007339808941,-0.258038084281921,0.017018));
#2366=CARTESIAN_POINT('',(0.0203917339808941,-0.224002084281921,0.017018));
#2367=CARTESIAN_POINT('',(0.0203917339808941,-0.241020084281921,0.));
#2368=CARTESIAN_POINT('',(0.0203917339808941,-0.189966084281921,0.));
#2369=CARTESIAN_POINT('',(0.0203917339808941,-0.292074084281921,0.));
#2370=CARTESIAN_POINT('',(0.00337373398089408,-0.292074084281921,0.));
#2371=CARTESIAN_POINT('',(0.00337373398089408,-0.283565084281922,0.));
#2372=CARTESIAN_POINT('',(0.00337373398089408,-0.275056084281921,0.));
#2373=CARTESIAN_POINT('',(0.0118827339808941,-0.275056084281921,0.));
#2374=CARTESIAN_POINT('',(0.0203917339808941,-0.224002084281921,0.034036));
#2375=CARTESIAN_POINT('',(0.0203917339808941,-0.224002084281921,0.034036));
#2376=CARTESIAN_POINT('',(0.0203917339808941,-0.189966084281921,0.034036));
#2377=CARTESIAN_POINT('',(0.0203917339808941,-0.189966084281921,0.034036));
#2378=CARTESIAN_POINT('',(0.0203917339808941,-0.241020084281921,0.034036));
#2379=CARTESIAN_POINT('',(0.0289007339808941,-0.258038084281921,0.034036));
#2380=CARTESIAN_POINT('',(0.0289007339808941,-0.258038084281921,0.034036));
#2381=CARTESIAN_POINT('',(0.0118827339808941,-0.275056084281921,0.034036));
#2382=CARTESIAN_POINT('',(0.00337373398089408,-0.275056084281921,0.034036));
#2383=CARTESIAN_POINT('',(0.00337373398089408,-0.275056084281921,0.034036));
#2384=CARTESIAN_POINT('',(0.0118827339808941,-0.275056084281921,0.034036));
#2385=CARTESIAN_POINT('',(0.00337373398089408,-0.283565084281922,0.034036));
#2386=CARTESIAN_POINT('',(0.00337373398089408,-0.292074084281921,0.034036));
#2387=CARTESIAN_POINT('',(0.00337373398089408,-0.292074084281921,0.034036));
#2388=CARTESIAN_POINT('',(0.00337373398089408,-0.283565084281922,0.034036));
#2389=CARTESIAN_POINT('',(0.0203917339808941,-0.292074084281921,0.034036));
#2390=CARTESIAN_POINT('',(0.0203917339808941,-0.292074084281921,0.034036));
#2391=CARTESIAN_POINT('',(0.0203917339808941,-0.241020084281921,0.034036));
#2392=MECHANICAL_DESIGN_GEOMETRIC_PRESENTATION_REPRESENTATION('',(#1462),
#2398);
#2393=MECHANICAL_DESIGN_GEOMETRIC_PRESENTATION_REPRESENTATION('',(#1463),
#2399);
#2394=MECHANICAL_DESIGN_GEOMETRIC_PRESENTATION_REPRESENTATION('',(#1464),
#2400);
#2395=MECHANICAL_DESIGN_GEOMETRIC_PRESENTATION_REPRESENTATION('',(#1465),
#2401);
#2396=MECHANICAL_DESIGN_GEOMETRIC_PRESENTATION_REPRESENTATION('',(#1466),
#2402);
#2397=MECHANICAL_DESIGN_GEOMETRIC_PRESENTATION_REPRESENTATION('',(#1467),
#2403);
#2398=(
GEOMETRIC_REPRESENTATION_CONTEXT(3)
GLOBAL_UNCERTAINTY_ASSIGNED_CONTEXT((#2404))
GLOBAL_UNIT_ASSIGNED_CONTEXT((#2422,#2416,#2410))
REPRESENTATION_CONTEXT('Part 4','TOP_LEVEL_ASSEMBLY_PART')
);
#2399=(
GEOMETRIC_REPRESENTATION_CONTEXT(3)
GLOBAL_UNCERTAINTY_ASSIGNED_CONTEXT((#2405))
GLOBAL_UNIT_ASSIGNED_CONTEXT((#2423,#2417,#2411))
REPRESENTATION_CONTEXT('Part 6','TOP_LEVEL_ASSEMBLY_PART')
);
#2400=(
GEOMETRIC_REPRESENTATION_CONTEXT(3)
GLOBAL_UNCERTAINTY_ASSIGNED_CONTEXT((#2406))
GLOBAL_UNIT_ASSIGNED_CONTEXT((#2424,#2418,#2412))
REPRESENTATION_CONTEXT('Part 2','TOP_LEVEL_ASSEMBLY_PART')
);
#2401=(
GEOMETRIC_REPRESENTATION_CONTEXT(3)
GLOBAL_UNCERTAINTY_ASSIGNED_CONTEXT((#2407))
GLOBAL_UNIT_ASSIGNED_CONTEXT((#2425,#2419,#2413))
REPRESENTATION_CONTEXT('Part 5','TOP_LEVEL_ASSEMBLY_PART')
);
#2402=(
GEOMETRIC_REPRESENTATION_CONTEXT(3)
GLOBAL_UNCERTAINTY_ASSIGNED_CONTEXT((#2408))
GLOBAL_UNIT_ASSIGNED_CONTEXT((#2426,#2420,#2414))
REPRESENTATION_CONTEXT('Part 1','TOP_LEVEL_ASSEMBLY_PART')
);
#2403=(
GEOMETRIC_REPRESENTATION_CONTEXT(3)
GLOBAL_UNCERTAINTY_ASSIGNED_CONTEXT((#2409))
GLOBAL_UNIT_ASSIGNED_CONTEXT((#2427,#2421,#2415))
REPRESENTATION_CONTEXT('Part 3','TOP_LEVEL_ASSEMBLY_PART')
);
#2404=UNCERTAINTY_MEASURE_WITH_UNIT(LENGTH_MEASURE(1.E-8),#2422,
'DISTANCE_ACCURACY_VALUE','Maximum Tolerance applied to model');
#2405=UNCERTAINTY_MEASURE_WITH_UNIT(LENGTH_MEASURE(1.E-8),#2423,
'DISTANCE_ACCURACY_VALUE','Maximum Tolerance applied to model');
#2406=UNCERTAINTY_MEASURE_WITH_UNIT(LENGTH_MEASURE(1.E-8),#2424,
'DISTANCE_ACCURACY_VALUE','Maximum Tolerance applied to model');
#2407=UNCERTAINTY_MEASURE_WITH_UNIT(LENGTH_MEASURE(1.E-8),#2425,
'DISTANCE_ACCURACY_VALUE','Maximum Tolerance applied to model');
#2408=UNCERTAINTY_MEASURE_WITH_UNIT(LENGTH_MEASURE(1.E-8),#2426,
'DISTANCE_ACCURACY_VALUE','Maximum Tolerance applied to model');
#2409=UNCERTAINTY_MEASURE_WITH_UNIT(LENGTH_MEASURE(1.E-8),#2427,
'DISTANCE_ACCURACY_VALUE','Maximum Tolerance applied to model');
#2410=(
NAMED_UNIT(*)
SI_UNIT($,.STERADIAN.)
SOLID_ANGLE_UNIT()
);
#2411=(
NAMED_UNIT(*)
SI_UNIT($,.STERADIAN.)
SOLID_ANGLE_UNIT()
);
#2412=(
NAMED_UNIT(*)
SI_UNIT($,.STERADIAN.)
SOLID_ANGLE_UNIT()
);
#2413=(
NAMED_UNIT(*)
SI_UNIT($,.STERADIAN.)
SOLID_ANGLE_UNIT()
);
#2414=(
NAMED_UNIT(*)
SI_UNIT($,.STERADIAN.)
SOLID_ANGLE_UNIT()
);
#2415=(
NAMED_UNIT(*)
SI_UNIT($,.STERADIAN.)
SOLID_ANGLE_UNIT()
);
#2416=(
NAMED_UNIT(*)
PLANE_ANGLE_UNIT()
SI_UNIT($,.RADIAN.)
);
#2417=(
NAMED_UNIT(*)
PLANE_ANGLE_UNIT()
SI_UNIT($,.RADIAN.)
);
#2418=(
NAMED_UNIT(*)
PLANE_ANGLE_UNIT()
SI_UNIT($,.RADIAN.)
);
#2419=(
NAMED_UNIT(*)
PLANE_ANGLE_UNIT()
SI_UNIT($,.RADIAN.)
);
#2420=(
NAMED_UNIT(*)
PLANE_ANGLE_UNIT()
SI_UNIT($,.RADIAN.)
);
#2421=(
NAMED_UNIT(*)
PLANE_ANGLE_UNIT()
SI_UNIT($,.RADIAN.)
);
#2422=(
LENGTH_UNIT()
NAMED_UNIT(*)
SI_UNIT($,.METRE.)
);
#2423=(
LENGTH_UNIT()
NAMED_UNIT(*)
SI_UNIT($,.METRE.)
);
#2424=(
LENGTH_UNIT()
NAMED_UNIT(*)
SI_UNIT($,.METRE.)
);
#2425=(
LENGTH_UNIT()
NAMED_UNIT(*)
SI_UNIT($,.METRE.)
);
#2426=(
LENGTH_UNIT()
NAMED_UNIT(*)
SI_UNIT($,.METRE.)
);
#2427=(
LENGTH_UNIT()
NAMED_UNIT(*)
SI_UNIT($,.METRE.)
);
#2428=PRODUCT_DEFINITION_SHAPE('','',#2434);
#2429=PRODUCT_DEFINITION_SHAPE('','',#2435);
#2430=PRODUCT_DEFINITION_SHAPE('','',#2436);
#2431=PRODUCT_DEFINITION_SHAPE('','',#2437);
#2432=PRODUCT_DEFINITION_SHAPE('','',#2438);
#2433=PRODUCT_DEFINITION_SHAPE('','',#2439);
#2434=PRODUCT_DEFINITION('','',#2446,#2440);
#2435=PRODUCT_DEFINITION('','',#2447,#2441);
#2436=PRODUCT_DEFINITION('','',#2448,#2442);
#2437=PRODUCT_DEFINITION('','',#2449,#2443);
#2438=PRODUCT_DEFINITION('','',#2450,#2444);
#2439=PRODUCT_DEFINITION('','',#2451,#2445);
#2440=PRODUCT_DEFINITION_CONTEXT('',#2482,'design');
#2441=PRODUCT_DEFINITION_CONTEXT('',#2483,'design');
#2442=PRODUCT_DEFINITION_CONTEXT('',#2484,'design');
#2443=PRODUCT_DEFINITION_CONTEXT('',#2485,'design');
#2444=PRODUCT_DEFINITION_CONTEXT('',#2486,'design');
#2445=PRODUCT_DEFINITION_CONTEXT('',#2487,'design');
#2446=PRODUCT_DEFINITION_FORMATION_WITH_SPECIFIED_SOURCE('','',#2458,
 .NOT_KNOWN.);
#2447=PRODUCT_DEFINITION_FORMATION_WITH_SPECIFIED_SOURCE('','',#2459,
 .NOT_KNOWN.);
#2448=PRODUCT_DEFINITION_FORMATION_WITH_SPECIFIED_SOURCE('','',#2460,
 .NOT_KNOWN.);
#2449=PRODUCT_DEFINITION_FORMATION_WITH_SPECIFIED_SOURCE('','',#2461,
 .NOT_KNOWN.);
#2450=PRODUCT_DEFINITION_FORMATION_WITH_SPECIFIED_SOURCE('','',#2462,
 .NOT_KNOWN.);
#2451=PRODUCT_DEFINITION_FORMATION_WITH_SPECIFIED_SOURCE('','',#2463,
 .NOT_KNOWN.);
#2452=PRODUCT_RELATED_PRODUCT_CATEGORY('','',(#2458));
#2453=PRODUCT_RELATED_PRODUCT_CATEGORY('','',(#2459));
#2454=PRODUCT_RELATED_PRODUCT_CATEGORY('','',(#2460));
#2455=PRODUCT_RELATED_PRODUCT_CATEGORY('','',(#2461));
#2456=PRODUCT_RELATED_PRODUCT_CATEGORY('','',(#2462));
#2457=PRODUCT_RELATED_PRODUCT_CATEGORY('','',(#2463));
#2458=PRODUCT('Part 4','Part 4','Part 4',(#2470));
#2459=PRODUCT('Part 6','Part 6','Part 6',(#2471));
#2460=PRODUCT('Part 2','Part 2','Part 2',(#2472));
#2461=PRODUCT('Part 5','Part 5','Part 5',(#2473));
#2462=PRODUCT('Part 1','Part 1','Part 1',(#2474));
#2463=PRODUCT('Part 3','Part 3','Part 3',(#2475));
#2464=PRODUCT_CATEGORY('','');
#2465=PRODUCT_CATEGORY('','');
#2466=PRODUCT_CATEGORY('','');
#2467=PRODUCT_CATEGORY('','');
#2468=PRODUCT_CATEGORY('','');
#2469=PRODUCT_CATEGORY('','');
#2470=PRODUCT_CONTEXT('',#2482,'mechanical');
#2471=PRODUCT_CONTEXT('',#2483,'mechanical');
#2472=PRODUCT_CONTEXT('',#2484,'mechanical');
#2473=PRODUCT_CONTEXT('',#2485,'mechanical');
#2474=PRODUCT_CONTEXT('',#2486,'mechanical');
#2475=PRODUCT_CONTEXT('',#2487,'mechanical');
#2476=APPLICATION_PROTOCOL_DEFINITION('international standard',
'ap242_managed_model_based_3d_engineering',2020,#2482);
#2477=APPLICATION_PROTOCOL_DEFINITION('international standard',
'ap242_managed_model_based_3d_engineering',2020,#2483);
#2478=APPLICATION_PROTOCOL_DEFINITION('international standard',
'ap242_managed_model_based_3d_engineering',2020,#2484);
#2479=APPLICATION_PROTOCOL_DEFINITION('international standard',
'ap242_managed_model_based_3d_engineering',2020,#2485);
#2480=APPLICATION_PROTOCOL_DEFINITION('international standard',
'ap242_managed_model_based_3d_engineering',2020,#2486);
#2481=APPLICATION_PROTOCOL_DEFINITION('international standard',
'ap242_managed_model_based_3d_engineering',2020,#2487);
#2482=APPLICATION_CONTEXT('managed model based 3d engineering');
#2483=APPLICATION_CONTEXT('managed model based 3d engineering');
#2484=APPLICATION_CONTEXT('managed model based 3d engineering');
#2485=APPLICATION_CONTEXT('managed model based 3d engineering');
#2486=APPLICATION_CONTEXT('managed model based 3d engineering');
#2487=APPLICATION_CONTEXT('managed model based 3d engineering');
ENDSEC;
END-ISO-10303-21;
